,sortname,Android,iOS,country,year,code,gdp,population,LandArea,ChildPercentage,GovEduc,WorkingPercentage,EduDuration,percapita,percapita_log,population_log,density,ios,index,cs,island,LangCount,EthnicCount,ReliCount,NonReli,Unnamed: 7,OSX,Windows,store
11,Afghanistan2020,90.645,8.955833333,Afghanistan,2020,AFG,20116137326,38928341,652230,41.82260145,10.25386047,55.52832889,9,516.7478708,2.714118322,7.590265907,0.007216159,0.089917253,0,Afghanistan,0,2,4,2,0,Afghanistan,5.321666667,90.25,0
25,Albania2020,63.78333333,35.71416667,Albania,2020,ALB,15131866271,2837849,27400,17.23585785,12.06999969,68.05956084,9,5332.160475,3.726984652,6.452989436,0.004173086,0.358945367,1,Albania,0,1,2,3,0,Albania,7.129166667,88.16833333,0
39,Algeria2020,95.80416667,3.855833333,Algeria,2020,DZA,1.45009E+11,43851043,2381741,30.78351567,16.54919052,62.47355707,10,3306.858208,3.519546885,7.641979937,0.022970119,0.038689879,2,Algeria,0,1,3,1,0,Algeria,4.585,84.55833333,0
53,American Samoa2020,66.28333333,33.58666667,American Samoa,2020,ASM,709000000,55197,200,,,,,12844.90099,4.10876457,4.741923342,0.001570772,0.336303862,3,American Samoa,1,2,1,5,0,American-Samoa,26.96166667,55.06,0
67,Andorra2020,66.55916667,33.18333333,Andorra,2020,AND,2891001149,77265,470,,,,10,37416.69772,4.573077062,4.88798843,0.002633794,0.33269001,4,Andorra,0,1,4,2,0,Andorra,36.85416667,61.19083333,0
81,Angola2020,83.98333333,13.92583333,Angola,2020,AGO,53619071176,32866268,1246700,46.39536239,6.467226505,51.41317518,6,1631.431691,3.212835017,7.516750405,0.016169115,0.142232171,5,Angola,0,1,5,3,0,Angola,12.84666667,79.51,0
95,Antigua and Barbuda2020,78,21.41916667,Antigua and Barbuda,2020,ATG,1370281481,97928,440,21.85052436,8.94178009,68.8172043,11,13992.74448,4.14593394,4.99091132,0.001946957,0.215443032,6,Antigua and Barbuda,1,1,1,7,0,Antigua-and-Barbuda,20.7325,69.5475,0
109,Argentina2020,91.90083333,7.719166667,Argentina,2020,ARG,3.89591E+11,45376763,2736690,24.43531114,,64.19817702,14,8585.694742,3.933826024,7.656833521,0.025433015,0.077486114,7,Argentina,0,1,2,3,0,Argentina,8.918333333,87.47416667,0
123,Armenia2020,73.51083333,26.0625,Armenia,2020,ARM,12641209802,2963234,28470,20.83234483,8.82777977,67.36477569,12,4266.018074,3.630124482,6.471766095,0.004152674,0.261741765,8,Armenia,1,1,1,1,0,Armenia,5.375,93.19916667,0
137,Aruba2020,73.82833333,25.89,Aruba,2020,ABW,2496648045,106766,180,17.38193807,,68.01228856,13,23384.29879,4.368942923,5.02843704,0.000731574,0.259631295,9,Aruba,1,2,4,1,0,Aruba,20.34583333,74.43666667,0
151,Australia2020,46.28,53.36583333,Australia,2020,AUS,1.32784E+12,25693267,7692020,19.29242502,,64.49451692,10,51680.31652,4.713333568,7.409819347,0.113735784,0.535555091,10,Australia,1,1,1,2,29.6,Australia,31.76583333,64.88833333,1
165,Austria2020,67.65166667,31.73583333,Austria,2020,AUT,4.33258E+11,8916864,82520,14.41217677,,66.38381959,13,48588.65938,4.686543855,6.950212192,0.004000641,0.319314132,11,Austria,0,1,1,2,0,Austria,20.55,76.45333333,1
179,Azerbaijan2020,85.47166667,13.74083333,Azerbaijan,2020,AZE,42693000000,10093121,82646,23.51529123,10.5025301,69.74308664,10,4229.910649,3.626433854,7.004025523,0.003541674,0.138499013,12,Azerbaijan,0,1,1,1,0,Azerbaijan,9.010833333,86.76083333,0
193,Bahamas2020,68.86666667,31.0125,Bahamas,2020,BHS,,,,,,,,,,,,0.310500188,13,Bahamas,1,1,1,5,0,The-Bahamas,23.92833333,65.7825,
207,Bahrain2020,72.39,27.44916667,Bahrain,2020,BHR,34723357447,1701583,785,18.28235605,,79.06645314,9,20406.50233,4.309789855,6.230853393,0.000200309,0.274933852,14,Bahrain,1,1,3,2,0,Bahrain,28.82916667,68.62166667,
221,Bangladesh2020,95.7525,2.7625,Bangladesh,2020,BGD,3.73902E+11,164689383,130170,26.75454131,11.8447504,68.01845508,5,2270.347535,3.35628359,8.216665605,0.000343129,0.028041415,15,Bangladesh,0,1,1,2,0,Bangladesh,2.6075,86.42666667,
235,Barbados2020,76.51916667,22.95,Barbados,2020,BRB,4689534962,287371,430,16.76033058,11.49349022,66.53745107,11,16318.74811,4.212713451,5.458444451,0.000649359,0.230724764,16,Barbados,1,1,1,3,0,Barbados,21.3975,73.68083333,
249,Belarus2020,84.96833333,14.525,Belarus,2020,BLR,61489588895,9379952,202980,17.2403568,12.78114986,67.17944767,9,6555.426818,3.816667218,6.972200662,0.00929779,0.145989681,17,Belarus,0,2,1,2,41.1,Belarus,11.3475,85.75583333,
263,Belgium2020,63.9625,35.68333333,Belgium,2020,BEL,5.21677E+11,11544241,30280,17.03397082,,63.71179632,12,45189.3669,4.655045867,7.062365422,0.001137643,0.35810161,18,Belgium,0,3,1,1,31,Belgium,23.32,73.985,1
277,Belize2020,78.51666667,21.0325,Belize,2020,BLZ,1585631670,397621,22810,29.19940246,21.52098083,65.79214743,8,3987.796596,3.600841891,5.599470405,0.024225418,0.211277509,19,Belize,0,2,4,5,15.6,Belize,14.73166667,77.52333333,
291,Benin2020,86.80583333,6.968333333,Benin,2020,BEN,15651545332,12123198,112760,41.94457734,,54.77695658,6,1291.040972,3.111276286,7.083617234,0.004020779,0.074309733,20,Benin,0,1,5,6,5.8,Benin,10.47083333,80.1875,
305,Bermuda2020,45.56416667,54.0225,Bermuda,2020,BMU,6881662000,63893,54,,,,13,107706.0398,5.03224409,4.805460077,0.000366895,0.542467198,21,Bermuda,1,2,3,6,17.8,Bermuda,30.36916667,68.27333333,
319,Bhutan2020,87.61333333,12.23333333,Bhutan,2020,BTN,2315436303,771612,38140,24.89450602,15.78534031,68.900789,,3000.777986,3.477378568,5.887399536,0.020953056,0.122521199,22,Bhutan,0,1,3,2,0,Bhutan,9.0375,83.39083333,
333,"Bolivia, Plurinational State of2020",94.4925,5.065833333,"Bolivia, Plurinational State of",2020,BOL,,,,,,,,,,,,0.050883067,23,"Bolivia, Plurinational State of",0,1,3,4,5.5,Bolivia,13.52,83.08583333,
347,Bosnia and Herzegovina2020,91.33416667,8.479166667,Bosnia and Herzegovina,2020,BIH,19955120005,3280815,51200,14.52247137,,67.56175821,9,6082.36673,3.784143998,6.515981874,0.006725206,0.08495024,24,Bosnia and Herzegovina,0,3,3,3,0,Bosnia-and-Herzegovina,5.12,87.04583333,
361,Botswana2020,88.535,10.7125,Botswana,2020,BWA,14930072799,2351625,566730,33.40372432,,62.08408051,,6348.832318,3.802762257,6.371368253,0.093770052,0.107937228,25,Botswana,0,2,2,1,11.1,Botswana,12.53416667,82.37916667,
375,Brazil2020,86.21666667,13.525,Brazil,2020,BRA,1.44857E+12,212559409,8358140,20.70919916,,69.69852622,14,6814.875632,3.833521657,8.327480336,0.016749882,0.135600301,26,Brazil,0,1,3,2,0,Brazil,8.805,89.01166667,1
389,Brunei Darussalam2020,75.09083333,24.22166667,Brunei Darussalam,2020,BRN,12005825770,437483,5270,22.32404298,,72.10586108,9,27442.95383,4.43844668,5.640962174,0.005200331,0.243893434,27,Brunei Darussalam,1,2,2,3,0,Brunei,20.99,75.19666667,
403,Bulgaria2020,86.48916667,13.10416667,Bulgaria,2020,BGR,69889347433,6934015,108560,14.67947145,,63.85260299,11,10079.20338,4.003469295,6.840984839,0.006746704,0.131576745,28,Bulgaria,0,1,3,2,0,Bulgaria,4.9025,90.55333333,
417,Burkina Faso2020,87.99833333,5.565833333,Burkina Faso,2020,BFA,17933606353,20903278,273600,44.37030029,,53.21867059,10,857.9327297,2.933959152,7.320214417,0.005647538,0.059486805,29,Burkina Faso,0,1,3,4,0,Burkina-Faso,12.91666667,75.59416667,
431,Burundi2020,79.58166667,4.480833333,Burundi,2020,BDI,2780510625,11890781,25680,45.25191947,20.7419529,52.36794311,,233.8375103,2.370767467,7.075210417,0.000936915,0.053303594,30,Burundi,0,3,2,3,0,Burundi,10.9075,80.3925,
445,Cambodia2020,59.08,40.4175,Cambodia,2020,KHM,25872798012,16718971,176520,30.92495259,,64.22219916,,1547.511388,3.189914403,7.22320957,0.004561273,0.406216237,31,Cambodia,0,1,1,1,0,Cambodia,15.46166667,82.12666667,
459,Cameroon2020,87.95,6.381666667,Cameroon,2020,CMR,40804449726,26545864,472710,42.0639329,14.38990593,55.21991129,6,1537.130218,3.186993104,7.423996881,0.007665559,0.067651372,32,Cameroon,0,2,5,4,8.8,Cameroon,6.925833333,77.9175,
473,Canada2020,48.6525,50.98083333,Canada,2020,CAN,1.64542E+12,38037204,8965590,15.77525226,,66.12038624,10,43258.26387,4.636079125,7.580208597,0.091915089,0.51168451,33,Canada,0,2,4,3,6.5,Canada,25.87083333,69.61833333,1
487,Cape Verde2020,87.71166667,11.77833333,Cape Verde,2020,CPV,,,,,,,,,,,,0.118387108,34,Cape Verde,1,2,1,1,10.8,Cabo-Verde,19.12,74.12166667,
501,Cayman Islands2020,48.4225,51.26833333,Cayman Islands,2020,CYM,5608989196,65720,240,,,,12,85346.76195,4.931192137,4.817704163,0.001583092,0.514273295,35,Cayman Islands,1,1,2,1,0,,30.03416667,67.5375,
515,Central African Republic2020,89.50083333,4.745833333,Central African Republic,2020,CAF,2326720921,4829764,622980,43.54172779,9.782443047,53.66014551,10,481.7462966,2.683718951,6.683926,0.052689198,0.05035545,36,Central African Republic,0,2,5,4,0,Central-African-Republic,3.336666667,74.92,
529,Chad2020,89.7575,7.704166667,Chad,2020,TCD,10715396135,16425859,1259200,46.49029725,11.67150974,51.01112489,10,652.3492096,2.81514537,7.215528117,0.032078423,0.079048173,37,Chad,0,2,4,3,0,Chad,9.0825,83.5925,
543,Chile2020,85.3775,14.26833333,Chile,2020,CHL,2.52727E+11,19116209,743532,19.23872845,,68.51861413,12,13220.57076,4.121283054,7.281401793,0.01657181,0.143190466,38,Chile,0,1,2,3,0,Chile,24.16333333,73.18,
557,China2020,80.50083333,18.5425,China,2020,CHN,1.46877E+13,1411100000,9424702.9,17.71181539,10.52999973,70.31991341,9,10408.66976,4.017436952,9.149557792,0.002890999,0.187216033,39,China,0,1,2,3,52.2,China,7.693333333,87.04166667,1
571,Colombia2020,88.78833333,10.5625,Colombia,2020,COL,2.703E+11,50882884,1109500,22.18357051,14.74662971,68.75586727,12,5312.198556,3.725356046,7.706571727,0.009368013,0.106315163,40,Colombia,0,1,3,3,8,Colombia,17.9225,79.63916667,
585,Comoros2020,93.65416667,5.681666667,Comoros,2020,COM,1223876065,869595,1861,39.01984933,,57.87435847,6,1407.40927,3.148728875,5.939317533,0.00092843,0.057196547,41,Comoros,1,3,1,1,0,Comoros,8.078333333,78.7975,
613,Congo2020,76.595,7.416666667,Congo,2020,COG,,,,,,,,,,,,0.088281389,42,"Congo, the Democratic Republic of the",0,1,6,5,0,Democratic-Republic-of-the-Congo,9.028333333,79.765,
599,"Congo, the Democratic Republic of the2020",88.8275,8.308333333,"Congo, the Democratic Republic of the",2020,COD,,,,,,,,,,,,0.085533145,43,Congo,0,1,5,3,11.3,Republic-of-the-Congo,14.00583333,74.32,
627,Costa Rica2020,80.865,18.85833333,Costa Rica,2020,CRI,62158002233,5094114,51060,20.82802165,21.53948021,68.9188786,13,12201.92603,4.086463979,6.707068745,0.004331407,0.189106528,44,Costa Rica,0,1,2,3,10,Costa-Rica,31.25916667,65.69833333,
641,Côte d'Ivoire2020,81.6375,15.03416667,Côte d'Ivoire,2020,CIV,,,,,,,,,,,,0.155517818,45,Côte d'Ivoire,0,1,5,3,19.2,Cote-dIvoire,17.82916667,76.53,
655,Croatia2020,88.13916667,11.52333333,Croatia,2020,HRV,57203783203,4047680,55960,14.54156331,,64.20620145,8,14132.48656,4.15024931,6.607206278,0.005963084,0.115623563,46,Croatia,0,2,1,1,0,Croatia,7.9975,85.03,
669,Cuba2020,88.55833333,11.2475,Cuba,2020,CUB,1.07352E+11,11326616,103800,15.9207216,,68.18586416,9,9477.852873,3.976755782,7.054100215,0.003961859,0.112693814,47,Cuba,1,1,3,2,23,Cuba,2.015833333,88.9225,
683,Cyprus2020,77.4,22.3725,Cyprus,2020,CYP,24692095945,1207361,9240,16.57717381,,69.01402151,10,20451.29497,4.310742048,6.081837503,0.003311026,0.224235135,48,Cyprus,1,2,2,1,0,Cyprus,15.95416667,77.24333333,
697,Czech Republic2020,78.82166667,20.7925,Czech Republic,2020,CZE,,,,,,,,,,,,0.208730351,49,Czech Republic,0,1,2,1,89.2,Czech-Republic,10.28,85.28666667,
711,Denmark2020,44.79916667,55.02083333,Denmark,2020,DNK,3.56085E+11,5831404,40000,16.28173534,,63.55427521,10,61063.31643,4.7857875,6.765773205,0.002968834,0.551200494,50,Denmark,0,1,1,1,0,Denmark,34.16166667,61.82583333,
725,Djibouti2020,89.92166667,9.8225,Djibouti,2020,DJI,3181071154,988002,23180,28.91224696,,66.3812753,10,3219.701128,3.507950425,5.994758263,0.010071506,0.098476937,51,Djibouti,0,2,3,1,0,Djibouti,7.695,88.945,
739,Dominica2020,86.87,12.8725,Dominica,2020,DMA,504214814.8,71991,750,,10.66617012,,12,7003.859021,3.845399399,4.857284239,0.004501061,0.129057323,52,Dominica,1,1,2,2,6,Dominica,12.6225,74.92083333,
753,Dominican Republic2020,74.91666667,24.81166667,Dominican Republic,2020,DOM,78844702329,10847904,48310,27.43934085,19.32287979,65.03296027,15,7268.19691,3.861486433,7.035345873,0.001929791,0.248792553,53,Dominican Republic,1,1,3,1,0,Dominican-Republic,21.28833333,74.83916667,
767,Ecuador2020,87.3075,11.96916667,Ecuador,2020,ECU,99291124000,17643060,248360,27.39192432,11.51441956,65.01698062,15,5627.77228,3.750413679,7.246573936,0.0060709,0.120563744,54,Ecuador,0,1,4,3,6.5,Ecuador,22.31416667,75.36,
781,Egypt2020,88.1625,11.59,Egypt,2020,EGY,,,,,,,,,,,,0.116187564,55,Egypt,0,1,1,2,0,Egypt,7.505,89.77583333,
795,El Salvador2020,89.46916667,10.20583333,El Salvador,2020,SLV,24638720000,6486201,20720,26.59058725,13.09288979,64.75846816,15,3798.636521,3.579742053,6.81199047,0.001385131,0.102391104,56,El Salvador,0,1,2,2,12,El-Salvador,15.97416667,77.71,
809,Equatorial Guinea2020,86.7,12.495,Equatorial Guinea,2020,GNQ,10099157270,1402985,28050,36.7792243,,60.83935324,6,7198.335884,3.857292436,6.147053337,0.008597228,0.12596401,57,Equatorial Guinea,0,3,3,1,0,Equatorial-Guinea,9.450833333,85.01833333,
823,Eritrea2020,90.99583333,5.616666667,Eritrea,2020,ERI,,,121040.829,,,,8,,,,,0.058136024,58,Eritrea,0,2,2,3,0,Eritrea,1.435,91.4675,
837,Estonia2020,67.855,31.39833333,Estonia,2020,EST,30650285472,1329479,42750,16.49817004,,63.12860196,9,23054.35849,4.36277188,6.123681808,0.013745111,0.316345379,59,Estonia,0,1,2,4,0,Estonia,15.14583333,80.6175,
851,Ethiopia2020,88.26416667,5.171666667,Ethiopia,2020,ETH,1.07658E+11,114963583,1128571.265,39.91763636,,56.54546986,8,936.4507576,2.971948464,8.060560295,0.00424258,0.055349928,60,Ethiopia,0,1,4,3,0,Ethiopia,4.68,90.25416667,
865,Faroe Islands2020,40.25416667,59.58583333,Faroe Islands,2020,FRO,3240759989,48865,1366,,,,9,66320.6792,4.821655514,4.689006791,0.011973921,0.596813235,61,Faroe Islands,1,2,2,1,4,Faroe-Islands-Athlantic-Ocean,27.3175,71.12333333,
879,Fiji2020,92.7225,7.138333333,Fiji,2020,FJI,4574413823,896444,18270,29.01126115,16.39175034,65.17131559,,5102.843929,3.707897386,5.952523649,0.008762161,0.071482814,62,Fiji,1,3,2,5,16.4,Fiji-republic-Pacific-Ocean,13.02583333,81.85,
893,Finland2020,71.64333333,28.01166667,Finland,2020,FIN,2.71837E+11,5529543,303940,15.86512222,,61.58039027,10,49160.83715,4.691628104,6.742689318,0.023238697,0.281086415,63,Finland,0,2,3,2,0,Finland,16.88833333,77.24583333,
907,France2020,70.62666667,29.025,France,2020,FRA,2.63032E+12,67379908,547557,17.65365586,,61.59288873,13,39037.12263,4.591488924,7.82853042,0.003514994,0.291264572,64,France,0,1,1,2,25.5,France,23.0925,72.83833333,1
921,French Polynesia2020,71.5475,28.31833333,French Polynesia,2020,PYF,5669368717,280904,3471,22.22329019,,68.70826036,,20182.5845,4.304998297,5.44855947,0.005333491,0.283563781,65,French Polynesia,1,2,5,5,0,French-Polynesia,36.53083333,60.00083333,
935,Gabon2020,90.89083333,7.764166667,Gabon,2020,GAB,15316824039,2225728,257670,37.26388688,15.02551937,59.2072997,10,6881.714225,3.837759738,6.347472284,0.047574238,0.078700184,66,Gabon,0,1,4,4,5.6,Gabon,19.5175,74.975,
949,Gambia2020,82.10166667,16.58083333,Gambia,2020,GMB,,,,,,,,,,,,0.168022023,67,Gambia,0,1,5,1,0,The-Gambia,10.05083333,81.04583333,
963,Georgia2020,77.78833333,20.97916667,Georgia,2020,GEO,15842922533,3722716,69490,20.22041193,11.17018986,64.52627829,9,4255.742993,3.62907743,6.570860023,0.008032015,0.212409615,68,Georgia,0,1,2,2,0,Georgia,6.081666667,91.57333333,
977,Germany2020,69.08083333,30.27666667,Germany,2020,DEU,3.84641E+12,83160871,349390,13.95559545,,64.35695518,13,46252.6893,4.665146379,7.919919035,0.001820812,0.304724522,69,Germany,0,1,1,2,37.7,Germany,17.78166667,77.44916667,1
991,Ghana2020,84.66666667,12.82083333,Ghana,2020,GHA,70043199814,31072945,227533,37.13115656,,59.72849367,11,2254.153889,3.353176183,7.49238243,0.003168554,0.131512587,70,Ghana,0,1,5,5,5.2,Ghana,10.70083333,76.59333333,
1005,Gibraltar2020,49.64833333,50.02083333,Gibraltar,2020,GIB,,33691,10,,,,10,,,4.527526792,0.000128886,0.501868682,71,Gibraltar,0,1,2,2,7.2,Gibraltar,30.40333333,67.83083333,
1019,Greece2020,84.58583333,13.24833333,Greece,2020,GRC,1.88835E+11,10700556,128900,13.65592081,,64.05968922,10,17647.23269,4.246701221,7.029406385,0.005200297,0.135416223,72,Greece,0,1,1,1,0,Greece,5.640833333,87.0375,
1033,Greenland2020,56.34083333,43.4725,Greenland,2020,GRL,3075968329,56367,410450,,,,10,54570.37502,4.736964897,4.751032626,0.918121742,0.435538004,73,Greenland,1,1,2,2,0,,36.17666667,62.14,
1047,Grenada2020,85.475,14.22333333,Grenada,2020,GRD,1043411111,112519,340,23.77647237,,66.43086302,12,9273.199292,3.967276424,5.051229723,0.001310334,0.142663702,74,Grenada,1,1,2,2,5.7,Grenada,14.48,75.07083333,
1061,Guam2020,50.4075,49.30833333,Guam,2020,GUM,5844000000,168783,540,23.86016886,,65.60568805,0,34624.34013,4.539394048,5.227331275,0.001387253,0.494488505,75,Guam,1,2,4,2,16,,32.7625,61.66833333,
1075,Guatemala2020,87.475,12.30833333,Guatemala,2020,GTM,77604632621,16858333,107160,33.34243157,21.1411705,61.61552902,16,4603.339643,3.663167352,7.226814654,0.002751856,0.123350593,76,Guatemala,0,1,6,2,0,Guatemala,22.975,72.26666667,
1103,Guinea2020,75.92416667,6.198333333,Guinea,2020,GIN,14169626010,13132792,245720,43.04895493,14.29006004,53.99872609,6,1078.950006,3.033403651,7.118357099,0.008050747,0.075476676,77,Guinea-Bissau,0,1,5,3,0,Guinea-Bissau,9.548333333,72.3225,
1089,Guinea-Bissau2020,92.12916667,4.195833333,Guinea-Bissau,2020,GNB,1431758243,1967998,28120,41.92721447,,55.18701464,9,727.5201717,2.862441581,6.294024873,0.006161558,0.043559131,78,Guinea,0,1,4,2,0,Guinea,14.38,73.33666667,
1117,Guyana2020,84.91083333,14.43583333,Guyana,2020,GUY,5471256595,786559,196850,27.73192364,,65.26853914,6,6955.939217,3.842418209,5.895731857,0.097002874,0.145307677,79,Guyana,0,1,4,6,0,Guyana,8.693333333,79.16166667,
1131,Haiti2020,90.11666667,9.720833333,Haiti,2020,HTI,14508218017,11402533,27560,32.47389526,,62.35143645,6,1272.367992,3.104953929,7.057001376,0.001048426,0.097366554,80,Haiti,1,2,2,3,10.2,Haiti,21.52333333,68.1625,
1145,Honduras2020,84.25916667,15.28416667,Honduras,2020,HND,23827840810,9904608,111890,30.58817982,24.25477028,64.43861932,12,2405.732848,3.381427885,6.995837336,0.004878617,0.153542846,81,Honduras,0,1,2,2,0,Honduras,18.24416667,76.22333333,
1159,Hong Kong2020,53.30083333,45.22416667,Hong Kong,2020,HKG,,,,,,,,,,,,0.459012095,82,Hong Kong,0,2,1,3,54,,29.56083333,65.79666667,1
1173,Hungary2020,79.70083333,19.30666667,Hungary,2020,HUN,1.56743E+11,9750149,91260,14.40865865,,65.4282334,13,16075.97327,4.20620429,6.989011297,0.004046029,0.195002062,83,Hungary,0,1,1,2,0,Hungary,6.266666667,89.825,
1187,Iceland2020,52.55333333,47.30166667,Iceland,2020,ISL,21718075725,366463,100830,19.42428123,,64.95371334,10,59264.03409,4.772798539,5.564031318,0.105559143,0.473703537,84,Iceland,1,1,1,1,6.1,Iceland,28.73083333,67.96333333,
1201,India2020,95.23666667,3.224166667,India,2020,IND,2.66769E+12,1380004385,2973190,26.16061144,16.54015923,67.26549988,8,1933.101069,3.286479165,9.139880467,0.000934672,0.032745677,85,India,0,23,23,2,0,India,6.844166667,83.28583333,
1215,Indonesia2020,92.15666667,7.604166667,Indonesia,2020,IDN,1.05869E+12,273523621,1877519,25.93600629,19.15280151,67.80148032,9,3870.55762,3.587885727,8.436994839,0.002970896,0.076223969,86,Indonesia,1,1,2,1,0,Indonesia,9.215,84.5275,
1229,Iran Islamic Republic of2020,89.89083333,9.830833333,Iran Islamic Republic of,2020,IRN,,,,,,,,,,,,0.098582722,87,Iran Islamic Republic of,0,3,1,1,0,Iran,2.308333333,95.62166667,
1243,Iraq2020,81.93416667,17.92166667,Iraq,2020,IRQ,1.8437E+11,40222503,434128,37.71374639,,58.8435232,6,4583.747494,3.661315422,7.604469104,0.004662295,0.17947541,88,Iraq,0,2,3,1,0,Iraq,8.800833333,87.63666667,
1257,Ireland2020,58.07166667,41.65083333,Ireland,2020,IRL,4.25889E+11,4985674,68890,20.83227179,,64.58977769,10,85422.54287,4.931577579,6.697723965,0.005959822,0.41766736,89,Ireland,1,2,2,2,0,Ireland,24.40333333,68.51416667,
1271,Isle of Man2020,42.40333333,56.54166667,Isle of Man,2020,IMN,,85032,570,,,,,,,4.929587501,0.002901518,0.571445416,90,Isle of Man,1,2,1,3,41,,26.41666667,68.405,
1285,Israel2020,77.12166667,22.72,Israel,2020,ISR,4.07101E+11,9215100,21640,27.82847045,,59.75718428,15,44177.57122,4.645211666,6.9645001,0.001018667,0.227560304,91,Israel,0,2,2,2,0,Israel,12.84333333,84.275,
1299,Italy2020,74.5125,25.14333333,Italy,2020,ITA,1.89257E+12,59449527,295717,12.98729053,,63.71081647,12,31834.97262,4.502918123,7.774148411,0.002154936,0.252301672,92,Italy,0,1,1,2,14,Italy,25.345,71.395,1
1313,Jamaica2020,77.5425,22.20416667,Jamaica,2020,JAM,13812425037,2961161,10830,23.35815575,,67.56407187,6,4664.530242,3.668901009,6.471462168,0.001585469,0.222605601,93,Jamaica,1,1,2,5,21.3,Jamaica,16.32416667,70.71916667,
1327,Japan2020,36.28916667,63.53666667,Japan,2020,JPN,5.04011E+12,126261000,364500,12.44855673,,59.1541702,9,39918.16756,4.601181476,8.101269228,0.001251949,0.636475194,94,Japan,1,1,1,2,63,Japan,21.9825,66.99833333,1
1341,Jordan2020,84.79833333,15.075,Jordan,2020,JOR,43697659296,10203140,88794,32.85384667,,63.19245636,10,4282.765825,3.631825722,7.008733888,0.003763147,0.150941192,95,Jordan,0,1,4,1,0,Jordan,15.06,82.11,
1355,Kazakhstan2020,79.03416667,20.64833333,Kazakhstan,2020,KAZ,1.71082E+11,18755666,2699700,29.14417315,,62.95302472,9,9121.637138,3.960120401,7.273132513,0.058403437,0.207141006,96,Kazakhstan,0,2,2,2,0,Kazakhstan,7.604166667,90.86416667,
1369,Kenya2020,88.3175,4.558333333,Kenya,2020,KEN,1.00667E+11,53771300,569140,38.58960364,,58.90121004,12,1872.124026,3.272566535,7.730550544,0.004572614,0.049079865,97,Kenya,0,2,8,4,0,Kenya,10.93666667,76.725,
1383,Kiribati2020,90.5275,9.384166667,Kiribati,2020,KIR,180911843.6,119446,810,35.91658365,20.1776104,59.86822828,9,1514.591059,3.180582035,5.077175247,0.002935143,0.093924633,98,Kiribati,1,2,2,3,0,Kiribati,13.95916667,75.8325,
1397,Korea Democratic People's Republic of2020,82.16,17.84,Korea Democratic People's Republic of,2020,PRK,,,,,,,,,,,,0.1784,99,Korea Democratic People's Republic of,0,1,1,3,0,North-Korea,4.480833333,93.235,
1411,Korea Republic of2020,75.90333333,23.97916667,Korea Republic of,2020,KOR,,,,,,,,,,,,0.240073753,100,Korea Republic of,0,1,1,3,56,,7.809166667,89.69333333,1
1425,Kuwait2020,63.36166667,36.40666667,Kuwait,2020,KWT,1.0596E+11,4270563,17820,21.46221196,11.91267014,75.50198791,9,24811.76971,4.394675245,6.630485235,0.001808433,0.364912046,101,Kuwait,0,1,3,2,6,Kuwait,28.34666667,68.70833333,
1439,Lao People's Democratic Republic2020,77.29583333,21.825,Lao People's Democratic Republic,2020,LAO,,,,,,,,,,,,0.2201858,102,Lao People's Democratic Republic,0,1,3,3,0,Laos,10.8175,82.73,
1453,Latvia2020,74.51583333,25.13833333,Latvia,2020,LVA,33645460617,1900449,62230,16.4321031,,62.88051413,11,17703.95344,4.248094789,6.278856448,0.013993056,0.252255718,103,Latvia,0,1,2,4,26,Latvia,13.00083333,83.285,
1467,Lebanon2020,80.68083333,19.16916667,Lebanon,2020,LBN,25948915861,6825442,10230,25.06879771,9.89828968,67.38215604,10,3801.792743,3.580102656,6.834130844,0.000650435,0.191979636,104,Lebanon,0,1,4,6,0,Lebanon,21.605,77.1825,
1481,Lesotho2020,94.66583333,3.17,Lesotho,2020,LSO,2250717718,2142252,30360,32.23803582,13.79121971,62.81314637,7,1050.631634,3.021863641,6.33087076,0.006111617,0.032401216,105,Lesotho,0,2,1,4,0,Lesotho,3.611666667,67.61666667,
1495,Liberia2020,87.99666667,6.531666667,Liberia,2020,LBR,3039982540,5057677,96320,40.37221802,,56.3093046,6,601.0630058,2.779641942,6.703951176,0.008193071,0.069097449,106,Liberia,0,1,7,2,0,Liberia,5.571666667,67.58833333,
1509,Libya2020,90.28166667,9.3475,Libya,2020,LBY,52320215472,6871287,1759540,27.78477468,,67.68940979,9,7614.325449,3.881688468,6.837038152,0.099014323,0.093822927,107,Libya,0,1,4,1,0,Libya,6.0225,91.72083333,
1523,Liechtenstein2020,48.19166667,51.45,Liechtenstein,2020,LIE,,38137,160,,,,9,,,4.581357914,0.001818228,0.516350255,108,Liechtenstein,0,1,3,2,0,Liechtenstein,28.38166667,70.42916667,
1537,Lithuania2020,76.41916667,23.175,Lithuania,2020,LTU,56546957475,2794885,62620,15.47793052,,63.90408954,11,20232.30204,4.306066765,6.446364098,0.009623056,0.232694351,109,Lithuania,0,1,1,1,16.2,Lithuania,11.70416667,85.50333333,
1551,Luxembourg2020,57.38916667,41.92916667,Luxembourg,2020,LUX,73353132794,630419,2574.46,15.55757551,,70.05166316,12,116356.158,5.065793105,5.799629983,0.001769929,0.422169455,110,Luxembourg,0,3,3,1,26.8,Luxembourg,31.39333333,63.505,
1565,Macao2020,35.57,63.275,Macao,2020,MAC,,,,,,,,,,,,0.640143659,111,Macao,1,2,1,3,15.4,,30.23416667,65.76916667,1
1579,Macedonia North2020,84.535,15.18666667,Macedonia North,2020,MKD,,,,,,,,,,,,0.152290542,112,Macedonia North,0,5,1,2,0,North-Macedonia,4.921666667,90.87916667,
1593,Madagascar2020,79.49083333,8.171666667,Madagascar,2020,MDG,13225591804,27691019,581800,40.06253941,15.33696365,56.83676563,5,477.6130414,2.679984528,7.442338953,0.009030175,0.093217358,113,Madagascar,1,2,6,3,0,Madagascar,8.94,81.18,
1607,Malawi2020,88.97,5.868333333,Malawi,2020,MWI,12172128470,19129955,94280,42.99205769,11.49765015,54.36639883,8,636.2863096,2.804334589,7.281713971,0.002135118,0.06187723,114,Malawi,0,1,5,5,0,Malawi,8.050833333,82.49333333,
1621,Malaysia2020,78.47833333,20.51,Malaysia,2020,MYS,3.37006E+11,32365998,328550,23.44811912,15.44262028,69.36819716,6,10412.34767,4.017590368,7.510089016,0.004386335,0.207196134,115,Malaysia,1,4,3,4,0,Malaysia,13.7175,80.65333333,
1635,Maldives2020,72.02916667,27.86916667,Maldives,2020,MDV,3742769967,540542,300,19.59969956,10.50504017,76.80688344,7,6924.105745,3.840426409,5.732830248,0.000240966,0.278975292,116,Maldives,1,1,1,1,0,Maldives,12.6875,84.89,
1649,Mali2020,88.69833333,8.34,Mali,2020,MLI,17465392779,20250834,1220190,47.00730088,14.46612072,50.51554669,9,862.453012,2.936238709,7.306442935,0.025409844,0.085945417,117,Mali,0,1,6,1,0,Mali,19.8075,70.86916667,
1663,Malta2020,73.40333333,26.23333333,Malta,2020,MLT,14917038504,515332,320,14.37391149,,64.30223104,11,28946.46268,4.461610503,5.712087954,0.000269595,0.263289953,118,Malta,1,2,1,2,0,Malta,21.45,75.5375,
1677,Marshall Islands2020,68.865,30.9225,Marshall Islands,2020,MHL,244462400,59194,180,,16.16671944,,13,4129.850998,3.61603953,4.772285025,0.00131862,0.309883502,119,Marshall Islands,1,2,1,4,54.5,Marshall-Islands,19.46583333,74.72083333,
1691,Mauritania2020,89.51083333,10.07,Mauritania,2020,MRT,7915985514,4649660,1030700,39.68509082,9.727089882,57.13704105,9,1702.486959,3.231338813,6.66742129,0.086954664,0.101123878,120,Mauritania,0,1,3,1,0,Mauritania,8.101666667,83.16,
1705,Mauritius2020,89.76,9.745,Mauritius,2020,MUS,10926820603,1265740,2030,16.78474376,16.11787987,70.69512678,11,8632.752859,3.936199613,6.102344848,0.000695966,0.097934777,121,Mauritius,1,3,1,4,0,Mauritius,19.365,77.2625,
1719,Mexico2020,84.30833333,15.375,Mexico,2020,MEX,1.08712E+12,128932753,1943950,25.83526546,,66.54663071,14,8431.665017,3.925964849,8.110363259,0.00649909,0.154238422,122,Mexico,0,1,2,2,0,Mexico,25.14166667,70.3225,1
1733,Micronesia Federated States of2020,82.91833333,17.0075,Micronesia Federated States of,2020,FSM,,,,,,,,,,,,0.170201233,123,Micronesia Federated States of,1,1,5,2,0,Micronesia-republic-Pacific-Ocean,13.40666667,73.67416667,
1747,Moldova Republic of2020,84.58833333,14.88,Moldova Republic of,2020,MDA,,,,,,,,,,,,0.149595349,124,Moldova Republic of,0,4,3,2,0,Moldova,9.97,86.39833333,
1761,Monaco2020,34.8625,64.35833333,Monaco,2020,MCO,6816219303,39244,2.027,,,,11,173688.1894,5.239772788,4.593784333,2.24E-05,0.648637299,125,Monaco,0,1,4,2,11.7,Monaco,33.91666667,63.54666667,
1775,Mongolia2020,72.96333333,26.72833333,Mongolia,2020,MNG,13312981595,3278292,1557506.803,31.09294785,16.42383003,64.59474299,12,4060.950518,3.608734629,6.515647766,0.16882059,0.268110006,126,Mongolia,0,1,1,1,38.9,Mongolia,7.338333333,90.52583333,
1789,Montenegro2020,85.3125,14.48166667,Montenegro,2020,MNE,4780722122,621306,13450,18.04491885,,66.18556012,9,7694.633759,3.886244391,5.793306247,0.009301267,0.145115362,127,Montenegro,0,2,3,2,5.4,Montenegro,5.5875,88.39416667,
1803,Morocco2020,81.4375,18.11083333,Morocco,2020,MAR,1.14725E+11,36910558,446300,26.76799268,14.81815052,65.62536304,9,3108.19103,3.492647406,7.567150623,0.005219731,0.181930051,128,Morocco,0,3,4,1,0,Morocco,14.65083333,81.97416667,
1817,Mozambique2020,88.02083333,7.4025,Mozambique,2020,MOZ,14028811072,31255435,786380,44.0627878,17.9349308,53.07538673,,448.8438914,2.653061827,7.494925562,0.010791561,0.077575366,129,Mozambique,0,1,1,4,13.9,Mozambique,10.06,72.72833333,
1831,Myanmar2020,89.28,10.55583333,Myanmar,2020,MMR,78930257227,54409794,652670,25.48559451,,68.27831751,5,1450.662673,3.16186571,7.73567709,0.00517856,0.10573191,130,Myanmar,0,1,3,2,0,Myanmar,13.78,81.5425,
1845,Namibia2020,88.00666667,11.31333333,Namibia,2020,NAM,10562637376,2540916,823290,36.84124357,24.94137955,59.57290808,7,4157.019506,3.618886522,6.404990479,0.121892273,0.113907907,131,Namibia,0,1,3,5,0,Namibia,12.37583333,78.32416667,
1859,Nauru2020,94.72833333,5.189166667,Nauru,2020,NRU,114626625.6,10834,20,,,,14,10580.26819,4.024537722,4.034828916,0.000800986,0.051934513,132,Nauru,1,2,1,3,6.6,Nauru,10.57916667,81.46166667,
1873,Nepal2020,92.58916667,7.2075,Nepal,2020,NPL,33433670512,29136808,143350,28.80971382,13.18999958,65.36213919,9,1147.471971,3.060120401,7.464441987,0.002131444,0.072221851,133,Nepal,0,1,6,2,0,Nepal,4.941666667,90.34666667,
1887,Netherlands2020,60.63833333,38.88583333,Netherlands,2020,NLD,9.13865E+11,17441500,33670,15.701658,,64.26352061,13,52396.03221,4.719306689,7.241583857,0.000837577,0.390717497,134,Netherlands,0,1,1,4,51,Netherlands,24.33166667,70.1875,1
1901,New Caledonia2020,71.94333333,27.44416667,New Caledonia,2020,NCL,9435529927,271960,18280,22.10803578,,68.19382272,0,34694.5504,4.540273781,5.434506629,0.028252233,0.276132981,135,New Caledonia,1,2,4,3,5.8,,28.97416667,67.35833333,
1915,New Zealand2020,58.23083333,41.41833333,New Zealand,2020,NZL,2.11735E+11,5090200,263310,19.43068699,,64.20100397,10,41596.5055,4.619067288,6.706734932,0.021903772,0.415641542,136,New Zealand,1,3,5,4,31.1,New-Zealand,25.52416667,68.83333333,
1929,Nicaragua2020,90.46166667,9.1075,Nicaragua,2020,NIC,12586941393,6624554,120340,29.5006577,22.81999969,64.8218431,7,1900.043594,3.278992076,6.82115671,0.007818484,0.091469079,137,Nicaragua,0,2,4,3,0,Nicaragua,12.01833333,82.58166667,
1943,Niger2020,92.63583333,4.4575,Niger,2020,NER,13741378450,24206636,1266700,49.67195783,13.33253956,47.73194913,,567.6698923,2.754860236,7.383934458,0.022151384,0.045909434,138,Niger,0,1,5,3,0,Niger,6.92,84.13416667,
1957,Nigeria2020,85.17583333,7.249166667,Nigeria,2020,NGA,4.32294E+11,206139587,910770,43.48761072,5.131436825,53.77432522,9,2097.092473,3.321824626,8.314161404,0.001914582,0.078432964,139,Nigeria,0,1,4,4,0,Nigeria,8.785833333,74.70833333,
1971,Northern Mariana Islands2020,69.79333333,29.9925,Northern Mariana Islands,2020,MNP,,57557,460,,,,,,,4.760105695,0.003457119,0.300568718,140,Northern Mariana Islands,1,3,4,4,0,,29.77666667,65.88583333,
1985,Norway2020,44.2675,55.52083333,Norway,2020,NOR,3.62198E+11,5379475,364285,17.25710036,,65.21632224,10,67329.67779,4.828212986,6.730739974,0.028456391,0.556386017,141,Norway,0,1,2,1,0,Norway,27.5625,66.9875,
1999,Oman2020,85.33666667,14.37833333,Oman,2020,OMN,73971391417,5106622,309500,22.48688273,12.2049799,75.00210511,10,14485.38612,4.160960057,6.708133797,0.025554727,0.144194287,142,Oman,0,1,4,3,0,Oman,17.85083333,77.985,
2013,Pakistan2020,94.62583333,4.53,Pakistan,2020,PAK,3.00306E+11,220892331,770880,34.81956368,,60.83178665,12,1359.514522,3.133703182,8.34418064,0.001512982,0.045685663,143,Pakistan,0,2,4,1,0,Pakistan,3.939166667,87.62416667,
2027,Palau2020,78.77916667,20.88333333,Palau,2020,PLW,257700000,18092,460,,,,12,14243.86469,4.153658328,4.257510583,0.010904157,0.209540533,144,Palau,1,2,2,4,11.2,Palau,10.53916667,84.92666667,
2041,Panama2020,83.9525,15.75083333,Panama,2020,PAN,53977037000,4314768,74180,26.49477944,10.24318027,64.96642808,11,12509.83529,4.097286307,6.63495755,0.007402986,0.157976998,145,Panama,0,1,3,2,0,Panama,28.03416667,68.68083333,
2055,Papua New Guinea2020,94.54416667,4.6425,Papua New Guinea,2020,PNG,24667052023,8947027,452860,35.14601056,,61.28241078,,2757.011019,3.440595997,6.951678796,0.021443885,0.046805686,146,Papua New Guinea,1,2,1,5,0,Papua-New-Guinea,6.434166667,77.21,
2069,Paraguay2020,94.15666667,5.664166667,Paraguay,2020,PRY,35432178068,7132530,397300,28.89350186,9.843669891,64.29551444,13,4967.687212,3.696241658,6.853243668,0.023541564,0.056743332,147,Paraguay,0,2,1,2,0,Paraguay,9.786666667,86.81,
2083,Peru2020,90.90416667,8.306666667,Peru,2020,PER,2.01705E+11,32971846,1280000,24.69213894,15.92708969,66.58259799,14,6117.493571,3.786644508,7.518143276,0.01654072,0.083727416,148,Peru,0,1,3,2,5.1,Peru,9.043333333,88.615,
2097,Philippines2020,83.91666667,15.76416667,Philippines,2020,PHL,3.61751E+11,109581085,298170,30.04267854,14.23373985,64.44567282,13,3301.218603,3.51880582,8.0397356,0.00118011,0.158146417,149,Philippines,1,2,6,2,0,Philippines,11.72666667,82.71083333,
2111,Poland2020,94.10333333,5.28,Poland,2020,POL,5.96624E+11,37899070,306130,15.21770602,,66.04284331,10,15742.45373,4.197100012,7.578628564,0.003493925,0.05312762,150,Poland,0,1,1,1,11.8,Poland,5.114166667,89.835,
2125,Portugal2020,76.93833333,22.8125,Portugal,2020,PRT,2.28539E+11,10297081,91605.6,13.05395692,,64.17377411,12,22194.56611,4.346266227,7.012714171,0.003846516,0.228694831,151,Portugal,0,2,1,1,6.8,Portugal,17.63916667,80.09166667,
2139,Puerto Rico2020,59.7925,39.96333333,Puerto Rico,2020,PRI,1.03138E+11,3281538,8870,15.75229486,19.43918037,63.4203505,13,31429.86612,4.497356349,6.51607757,0.001172315,0.400611493,152,Puerto Rico,1,2,2,2,0,,32.09333333,63.07083333,
2153,Qatar2020,79.02333333,20.80416667,Qatar,2020,QAT,1.44411E+11,2881060,11490,13.63921455,9.319160461,84.6716461,9,50124.38594,4.700057729,6.459552454,0.001728572,0.208401159,153,Qatar,0,1,2,3,0,Qatar,18.05,78.19666667,
2167,Romania2020,81.33,18.155,Romania,2020,ROU,2.49511E+11,19257520,230080,15.52059444,,65.24849058,10,12956.56625,4.112523438,7.28460038,0.005157999,0.182489823,154,Romania,1,1,2,1,0,Romania,6.141666667,89.86833333,
2181,Russian Federation2020,74.99583333,24.5275,Russian Federation,2020,RUS,1.48832E+12,144073139,16376870,18.36226182,,66.12880993,11,10330.32171,4.014155885,8.158583022,0.046756727,0.246449744,155,Russian Federation,0,1,1,3,27,Russia,11.81416667,83.71333333,
2195,Rwanda2020,83.91666667,8.855833333,Rwanda,2020,RWA,10184345442,12952209,24670,39.47423522,10.78352451,57.40646119,6,786.3018148,2.896141253,7.112343877,0.000826411,0.095457526,156,Rwanda,1,3,2,3,0,Rwanda,11.84083333,81.21833333,
2209,Saint Kitts and Nevis2020,77.03833333,22.70083333,Saint Kitts and Nevis,2020,KNA,,,,,,,,,,,,0.227601995,157,Saint Kitts and Nevis,1,1,2,2,0,Saint-Kitts-and-Nevis,18.725,75.62083333,
2223,Saint Lucia2020,85.02666667,14.76666667,Saint Lucia,2020,LCA,,,,,,,,,,,,0.147972476,158,Saint Lucia,1,1,2,4,5.9,Saint-Lucia,15.72916667,70.76166667,
2237,Saint Vincent and the Grenadines2020,85.47416667,14.035,Saint Vincent and the Grenadines,2020,VCT,,,,,,,,,,,,0.141042283,159,Saint Vincent and the Grenadines,1,1,2,6,7.5,Saint-Vincent-and-the-Grenadines,14.93333333,74.1475,
2251,Samoa2020,92.42166667,7.4775,Samoa,2020,WSM,807147527.6,198410,2780,37.19848398,16.21499062,57.71770137,8,4068.078865,3.609496107,5.297565746,0.006042834,0.074850474,160,Samoa,1,2,1,5,0,Samoa-island-nation-Pacific-Ocean,5.421666667,68.49083333,
2265,San Marino2020,67.615,32.07,San Marino,2020,SMR,1544713785,33938,60,,,,10,45515.7577,4.658171318,4.530699042,0.000767124,0.321713397,161,San Marino,0,1,2,1,5.1,San-Marino-republic-Europe,34.20083333,64.48916667,
2279,Sao Tome and Principe2020,82.0075,17.14916667,Sao Tome and Principe,2020,STP,472914469.9,219161,960,41.75781054,16.12594032,55.2338713,6,2157.840446,3.334220546,5.340765255,0.001898204,0.172950213,162,Sao Tome and Principe,1,1,3,1,21.2,Sao-Tome-and-Principe,4.65,88.4975,
2293,Saudi Arabia2020,61.4875,38.3925,Saudi Arabia,2020,SAU,7.03368E+11,34813867,2149690,24.69623099,19.05945206,71.80531002,9,20203.66888,4.305451737,7.541752278,0.026021491,0.384386264,163,Saudi Arabia,0,1,2,2,0,Saudi-Arabia,19.59166667,78.22333333,
2307,Senegal2020,86.66,12.81583333,Senegal,2020,SEN,24493157583,16743930,192530,42.5915617,22.06278038,54.30029049,11,1462.808169,3.165484166,7.223857426,0.004965241,0.128833636,164,Senegal,0,1,3,1,0,Senegal,17.60833333,70.675,
2321,Serbia2020,89.34666667,10.20916667,Serbia,2020,SRB,53335016425,6899126,87460,15.36710528,,65.57439303,8,7730.691746,3.888274531,6.83879414,0.005470933,0.102547147,165,Serbia,0,1,1,2,6.3,Serbia,4.598333333,90.09,
2335,Seychelles2020,87.2225,12.35416667,Seychelles,2020,SYC,1200634489,98462,460,23.7668663,9.168009758,68.16679716,10,12193.88687,4.086177776,4.993273064,0.002024235,0.124066883,166,Seychelles,1,3,1,2,10.1,Seychelles,9.858333333,80.01,
2349,Sierra Leone2020,80.92833333,6.165,Sierra Leone,2020,SLE,4063289450,7976985,72180,40.34362365,34.24419022,56.72904154,9,509.376594,2.707890749,6.90183883,0.003912055,0.07078613,167,Sierra Leone,0,1,4,2,0,Sierra-Leone,7.920833333,79.685,
2363,Singapore2020,64.59333333,34.49583333,Singapore,2020,SGP,3.45296E+11,5685807,718,12.30117829,11.91199303,74.34727748,6,60729.45035,4.783406502,6.75479219,5.48E-05,0.34812921,168,Singapore,1,4,3,4,18.5,Singapore,26.76916667,68.75666667,1
2377,Slovakia2020,79.50833333,19.64416667,Slovakia,2020,SVK,,,,,,,,,,,,0.19812074,169,Slovakia,0,1,2,2,13.4,Slovakia,10.96583333,85.71333333,
2391,Slovenia2020,82.47333333,17.21666667,Slovenia,2020,SVN,53589609581,2102419,20136.4,15.13643024,,64.12581809,9,25489.50023,4.406378358,6.322719479,0.004139762,0.172702043,170,Slovenia,0,1,1,1,10.2,Slovenia,10.05416667,86.9125,
2405,Solomon Islands2020,91.66833333,7.6825,Solomon Islands,2020,SLB,1545888426,686878,27990,40.03004874,31.88999939,56.29902575,,2250.601164,3.352491464,5.836880239,0.01734625,0.077326981,171,Solomon Islands,1,1,1,5,6.3,Solomon-Islands,7.4025,79.34916667,
2419,Somalia2020,93.26666667,6.054166667,Somalia,2020,SOM,6965285325,15893219,627340,46.14990592,4.412380219,50.94795756,,438.2551656,2.642716877,7.201211895,0.016812871,0.060955657,172,Somalia,0,2,1,1,0,Somalia,6.370833333,88.6675,
2433,South Africa2020,84.30083333,15.07083333,South Africa,2020,ZAF,3.35442E+11,59308690,1213090,28.8011251,19.52728081,65.68943607,9,5655.867654,3.752576018,7.773118339,0.008793361,0.151661272,173,South Africa,0,11,3,2,6.7,South-Africa,15.28583333,71.865,
2447,Spain2020,79.6625,20.05666667,Spain,2020,ESP,1.28148E+12,47363419,499556.645,14.39946737,,65.62292093,10,27056.42175,4.432286411,7.675443054,0.00455665,0.201131511,174,Spain,0,1,1,1,27.5,Spain,19.72166667,75.7875,1
2461,Sri Lanka2020,89.425,9.978333333,Sri Lanka,2020,LKA,80969683537,21919000,61860,23.68485044,,65.08229088,11,3694.040948,3.567619256,7.340820756,0.001223944,0.100382281,175,Sri Lanka,1,2,3,4,0,Sri-Lanka,6.804166667,89.48833333,
2475,Sudan2020,92,5.796666667,Sudan,2020,SDN,26987563444,43849269,1868000,39.7993672,,56.52651151,8,615.462106,2.789906386,7.641962368,0.018117921,0.059272641,176,Sudan,0,2,1,4,0,Sudan,9.313333333,84.84333333,
2489,Suriname2020,83.09166667,16.63,Suriname,2020,SUR,2884248048,586634,156000,26.66543932,13.94235039,66.19959361,6,4916.605666,3.691753701,5.76836797,0.102407599,0.16676416,177,Suriname,0,1,5,4,7.9,Suriname,7.738333333,85.50333333,
2503,Swaziland2020,91.3475,5.4925,Swaziland,2020,SWZ,,,,,,,,,,,,0.056717266,178,Swaziland,0,2,2,3,0,Eswatini,6.378333333,79.56416667,
2517,Sweden2020,49.45333333,50.32333333,Sweden,2020,SWE,5.41487E+11,10353442,407283.532,17.62357954,,62.04761436,10,52300.2062,4.718511705,7.015084797,0.016756799,0.504359737,179,Sweden,0,1,1,1,30,Sweden,24.91666667,64.2825,1
2531,Switzerland2020,49.22916667,50.3775,Switzerland,2020,CHE,7.52248E+11,8636561,39516.03,14.95863135,,65.94382747,11,87100.41482,4.940025209,6.936340895,0.001982554,0.50576434,180,Switzerland,0,4,1,4,29.5,Switzerland,32.73083333,64.77583333,1
2545,Syrian Arab Republic2020,96.01,3.544166667,Syrian Arab Republic,2020,SYR,,17500657,183630,30.7746543,,64.35092326,9,,,7.243054378,0.004533201,0.035600385,181,Syrian Arab Republic,0,1,3,3,0,Syria,3.163333333,94.5575,
2559,Taiwan Province of China2020,52.9175,46.4025,Taiwan Province of China,2020,TWN,,,,,,,,,,,,0.467201973,182,Taiwan Province of China,1,1,2,2,18.2,Taiwan,14.29916667,81.30666667,1
2573,Tajikistan2020,89.5575,9.405,Tajikistan,2020,TJK,8133996648,9537642,138790,37.27005985,17.77205086,59.55018246,9,852.8309878,2.931371912,6.979441062,0.006274232,0.095035998,183,Tajikistan,0,1,2,1,0,Tajikistan,4.284166667,92.52833333,
2587,Tanzania United Republic of2020,86.01916667,8.001666667,Tanzania United Republic of,2020,TZA,,,,,,,,,,,,0.085105251,184,Tanzania United Republic of,0,2,2,2,0,Tanzania,13.1425,77.24666667,
2601,Thailand2020,73.84083333,25.955,Thailand,2020,THA,4.99682E+11,69799978,510890,16.55249519,12.06492233,70.4897672,9,7158.766684,3.85489887,7.843855292,0.003167174,0.260080999,185,Thailand,0,1,1,1,0,Thailand,15.75833333,80.09,1
2615,Timor-Leste2020,94.9725,4.9025,Timor-Leste,2020,TLS,1902156800,1318442,14870,36.83194976,,58.88497434,9,1442.730738,3.159486203,6.120061359,0.004870758,0.049086358,186,Timor-Leste,1,2,1,1,0,East-Timor,9.644166667,79.83333333,
2629,Togo2020,89.5275,6.725833333,Togo,2020,TGO,7574636979,8278737,54390,40.63633478,,56.45864024,10,914.9507925,2.961872143,6.917964139,0.002843915,0.069876368,187,Togo,0,1,7,5,0,Togo,5.516666667,88.70916667,
2643,Tonga2020,86.68333333,13.1975,Tonga,2020,TON,488829964.1,105697,720,34.76512607,15.52814007,59.31501017,15,4624.823449,3.665189053,5.02406677,0.002948351,0.132132458,188,Tonga,1,2,1,5,9,Tonga,7.8175,60.34083333,
2657,Trinidad and Tobago2020,81.11,18.39666667,Trinidad and Tobago,2020,TTO,21392536138,1399491,5130,20.06219417,11.76790047,68.42316619,7,15285.94049,4.184320575,6.14597042,0.001589047,0.184878735,189,Trinidad and Tobago,1,1,4,3,19.5,Trinidad-and-Tobago,18.05333333,73.75833333,
2671,Tunisia2020,93.045,6.45,Tunisia,2020,TUN,42514151614,11818618,155360,24.29068066,,66.83637065,9,3597.218525,3.556087535,7.072566732,0.00567176,0.064827378,190,Tunisia,0,1,2,1,0,Tunisia,10.5125,85.42583333,
2685,Turkey2020,84.12666667,15.49416667,Turkey,2020,TUR,,,,,,,,,,,,0.15553139,191,Turkey,0,1,3,2,0,Turkey,7.6725,86.965,1
2699,Turkmenistan2020,93.37,6.394166667,Turkmenistan,2020,TKM,,6031187,469930,30.79178273,27.99839973,64.44019432,12,,,6.780402866,0.032585188,0.064092819,192,Turkmenistan,0,1,2,1,9,Turkmenistan,2.35,88.87666667,
2713,Turks and Caicos Islands2020,56.9,42.9375,Turks and Caicos Islands,2020,TCA,924583000,38718,950,,11.62213039,,13,23879.92665,4.378051175,4.587924132,0.010527389,0.43007387,193,Turks and Caicos Islands,1,1,1,1,0,,23.6775,68.31166667,
2727,Tuvalu2020,97.625,2.266666667,Tuvalu,2020,TUV,55054710.62,11792,30,,,,8,4668.818743,3.669300024,4.071624299,0.001103484,0.022691249,194,Tuvalu,1,2,1,1,0,Tuvalu,9.786666667,85.18,
2741,Uganda2020,79.355,6.684166667,Uganda,2020,UGA,37600368181,45741000,200520,46.01588242,11.25,51.99841796,7,822.0276815,2.915414442,7.660305665,0.001899705,0.077687487,195,Uganda,0,2,6,4,0,Uganda,10.72416667,79.16666667,
2755,Ukraine2020,80.68916667,18.8425,Ukraine,2020,UKR,1.56618E+11,44132049,579400,15.99051781,13.08636761,67.06033888,11,3548.84636,3.550209557,7.644754102,0.005664653,0.189311609,196,Ukraine,0,1,2,2,42.5,Ukraine,11.98583333,84.76083333,
2769,United Arab Emirates2020,73.1125,26.64666667,United Arab Emirates,2020,ARE,3.58869E+11,9890400,71020,14.81407935,11.70623016,83.921513,12,36284.55524,4.559733773,6.9952139,0.003107395,0.267109956,197,United Arab Emirates,0,1,6,3,0,United-Arab-Emirates,24.3975,72.67333333,1
2783,United Kingdom2020,50.09916667,49.65166667,United Kingdom,2020,GBR,2.7569E+12,67081000,241930,17.67727522,,63.66937807,11,41098.07865,4.613832086,7.826599535,0.001563481,0.497756911,198,United Kingdom,1,1,1,1,25.7,United-Kingdom,28.6625,66.8175,1
2797,United States2020,40.29583333,59.51166667,United States,2020,USA,2.08937E+13,331501080,9147420,18.37174742,,64.99732686,12,63027.67953,4.799538209,8.520484949,0.011821533,0.596264476,199,United States,0,1,4,2,16,United-States,27.535,64.54666667,1
2811,Uruguay2020,85.29916667,14.51083333,Uruguay,2020,URY,53560755047,3473727,175020,20.33502892,16.36347961,64.57729875,14,15418.81531,4.188079172,6.540795809,0.021348067,0.145384564,200,Uruguay,0,1,3,4,0,Uruguay,12.27833333,77.48583333,
2825,Uzbekistan2020,90.5325,8.766666667,Uzbekistan,2020,UZB,59894305353,34232050,440650,28.80004642,20.53565025,66.41109739,12,1749.655815,3.243200771,7.534432921,0.005554754,0.0882854,201,Uzbekistan,0,1,1,1,18.1,Uzbekistan,4.499166667,92.77666667,
2839,Vanuatu2020,85.295,13.69833333,Vanuatu,2020,VUT,896827873.1,307150,12190,38.41019714,5.052800179,57.98108385,,2919.8368,3.465507292,5.487351934,0.016902801,0.138376322,202,Vanuatu,1,3,1,4,23.7,Vanuatu,16.0775,73.43666667,
2853,Venezuela Bolivarian Republic of2020,90.11666667,8.653333333,Venezuela Bolivarian Republic of,2020,VEN,,,,,,,,,,,,0.087610948,203,Venezuela Bolivarian Republic of,0,1,3,1,11.5,Venezuela,7.190833333,85.46833333,
2867,Viet Nam2020,62.69,36.23916667,Viet Nam,2020,VNM,,,,,,,,,,,,0.366314282,204,Viet Nam,0,1,1,1,86.3,Vietnam,11.6375,85.24666667,
2881,Virgin Islands British2020,67.90666667,31.865,Virgin Islands British,2020,VGB,,,,,,,,,,,,0.319379249,205,Virgin Islands British,1,1,4,1,0,,26.425,70.1075,
2895,Virgin Islands U.S2020,49.34083333,50.36666667,Virgin Islands U.S,2020,VIR,,,,,,,,,,,,0.505144213,206,Virgin Islands U.S,1,1,4,1,0,,26.48083333,69.31,
2909,Yemen2020,96.21,2.76,Yemen,2020,YEM,,,,,,,,,,,,0.027887239,207,Yemen,0,1,1,2,0,Yemen,1.841666667,71.53416667,
2923,Zambia2020,88.29083333,6.376666667,Zambia,2020,ZMB,18110631358,18383956,743390,44.01738908,12.37802029,53.85058873,7,985.132436,2.993935244,7.264438996,0.017215742,0.067358562,208,Zambia,0,1,5,2,0,Zambia,8.035,74.57583333,
2937,Zimbabwe2020,84.95666667,10.78416667,Zimbabwe,2020,ZWE,18051170799,14862927,386850,41.9111004,,55.0747215,7,1214.50982,3.084758472,7.172104374,0.011159148,0.112639156,209,Zimbabwe,0,1,1,4,10.5,Zimbabwe,11.63916667,78.69083333,