,country,code,adj,iOS,OSX,Android,Windows,island,store,percapita_log,share_square,LangCount,EthnicCount,ReliCount,country_island,country_not_island,code_island,code_not_island,iOS_island,iOS_not_island,OSX_island,OSX_not_island,Android_island,Android_not_island,Windows_island,Windows_not_island,island_island,island_not_island,store_island,store_not_island,percapita_log_island,percapita_log_not_island,share_square_island,share_square_not_island,LangCount_island,LangCount_not_island,EthnicCount_island,EthnicCount_not_island,ReliCount_island,ReliCount_not_island
0,Afghanistan,AFG,PAK IRN TUR CHN UZB TJK,8.955833333,5.321666667,90.645,90.25,0,0,2.707104739,86,2,4,2,,Afghanistan,,AFG,,8.955833333,,5.321666667,,90.645,,90.25,,0,,0,,2.707104739,,86,,2,,4,,2
1,Albania,ALB,MNE SRB MKD GRC,35.71416667,7.129166667,63.78333333,88.16833333,0,0,3.714490218,96,1,2,3,,Albania,,ALB,,35.71416667,,7.129166667,,63.78333333,,88.16833333,,0,,0,,3.714490218,,96,,1,,2,,3
2,Algeria,DZA,TUN LBY NER MLI MRT MAR,3.855833333,4.585,95.80416667,84.55833333,0,0,3.527496242,96,1,3,1,,Algeria,,DZA,,3.855833333,,4.585,,95.80416667,,84.55833333,,0,,0,,3.527496242,,96,,1,,3,,1
3,American Samoa,ASM,,33.58666667,26.96166667,66.28333333,55.06,1,0,4.10876457,103,2,1,5,American Samoa,,ASM,,33.58666667,,26.96166667,,66.28333333,,55.06,,1,,0,,4.10876457,,103,,2,,1,,5,
4,Andorra,AND,ESP FRA,33.18333333,36.85416667,66.55916667,61.19083333,0,0,4.56906248,103,1,4,2,,Andorra,,AND,,33.18333333,,36.85416667,,66.55916667,,61.19083333,,0,,0,,4.56906248,,103,,1,,4,,2
5,Angola,AGO,COD COG ZMB NAM,13.92583333,12.84666667,83.98333333,79.51,0,0,3.278014833,90,1,5,3,,Angola,,AGO,,13.92583333,,12.84666667,,83.98333333,,79.51,,0,,0,,3.278014833,,90,,1,,5,,3
6,Antigua and Barbuda,ATG,,21.41916667,20.7325,78,69.5475,1,0,4.145951806,71,1,1,7,Antigua and Barbuda,,ATG,,21.41916667,,20.7325,,78,,69.5475,,1,,0,,4.145951806,,71,,1,,1,,7,
7,Argentina,ARG,CHL BOL PRY BRA URY,7.719166667,8.918333333,91.90083333,87.47416667,0,0,3.928228329,88,1,2,3,,Argentina,,ARG,,7.719166667,,8.918333333,,91.90083333,,87.47416667,,0,,0,,3.928228329,,88,,1,,2,,3
8,Armenia,ARM,GEO AZE IRN TUR,26.0625,5.375,73.51083333,93.19916667,1,0,3.6301232,83,1,1,1,Armenia,,ARM,,26.0625,,5.375,,73.51083333,,93.19916667,,1,,0,,3.6301232,,83,,1,,1,,1,
9,Aruba,ABW,,25.89,20.34583333,73.82833333,74.43666667,1,0,4.368967806,80,2,4,1,Aruba,,ABW,,25.89,,20.34583333,,73.82833333,,74.43666667,,1,,0,,4.368967806,,80,,2,,4,,1,
10,Australia,AUS,,53.36583333,31.76583333,46.28,64.88833333,1,1,4.746818718,7,1,1,2,Australia,,AUS,,53.36583333,,31.76583333,,46.28,,64.88833333,,1,,1,,4.746818718,,7,,1,,1,,2,
11,Austria,AUT,CZE DEU CHE ITA SVN HUN SVK,31.73583333,20.55,67.65166667,76.45333333,0,1,4.682204952,88,1,1,2,,Austria,,AUT,,31.73583333,,20.55,,67.65166667,,76.45333333,,0,,1,,4.682204952,,88,,1,,1,,2
12,Azerbaijan,AZE,RUS GEO ARM IRN,13.74083333,9.010833333,85.47166667,86.76083333,0,0,3.623583387,88,1,1,1,,Azerbaijan,,AZE,,13.74083333,,9.010833333,,85.47166667,,86.76083333,,0,,0,,3.623583387,,88,,1,,1,,1
13,Bahamas,BHS,,31.0125,23.92833333,68.86666667,65.7825,1,0,4.401319348,91,1,1,5,Bahamas,,BHS,,31.0125,,23.92833333,,68.86666667,,65.7825,,1,,0,,4.401319348,,91,,1,,1,,5,
14,Bahrain,BHR,,27.44916667,28.82916667,72.39,68.62166667,1,0,4.299420161,83,1,3,2,Bahrain,,BHR,,27.44916667,,28.82916667,,72.39,,68.62166667,,1,,0,,4.299420161,,83,,1,,3,,2,
15,Bangladesh,BGD,IND MMR,2.7625,2.6075,95.7525,86.42666667,0,0,3.301386005,97,1,1,2,,Bangladesh,,BGD,,2.7625,,2.6075,,95.7525,,86.42666667,,0,,0,,3.301386005,,97,,1,,1,,2
16,Barbados,BRB,,22.95,21.3975,76.51916667,73.68083333,1,0,4.188935146,90,1,1,3,Barbados,,BRB,,22.95,,21.3975,,76.51916667,,73.68083333,,1,,0,,4.188935146,,90,,1,,1,,3,
17,Belarus,BLR,RUS UKR POL LVA LTU,14.525,11.3475,84.96833333,85.75583333,0,0,3.804688289,90,2,1,2,,Belarus,,BLR,,14.525,,11.3475,,84.96833333,,85.75583333,,0,,0,,3.804688289,,90,,2,,1,,2
18,Belgium,BEL,NLD DEU LUX FRA,35.68333333,23.32,63.9625,73.985,0,1,4.653495421,96,3,1,1,,Belgium,,BEL,,35.68333333,,23.32,,63.9625,,73.985,,0,,1,,4.653495421,,96,,3,,1,,1
19,Belize,BLZ,MEX GTM,21.0325,14.73166667,78.51666667,77.52333333,0,0,3.600834247,71,2,4,5,,Belize,,BLZ,,21.0325,,14.73166667,,78.51666667,,77.52333333,,0,,0,,3.600834247,,71,,2,,4,,5
20,Benin,BEN,NER NGA TGO BFA,6.968333333,10.47083333,86.80583333,80.1875,0,0,3.098717286,92,1,5,6,,Benin,,BEN,,6.968333333,,10.47083333,,86.80583333,,80.1875,,0,,0,,3.098717286,,92,,1,,5,,6
21,Bermuda,BMU,,54.0225,30.36916667,45.56416667,68.27333333,1,0,5.09323219,27,2,3,6,Bermuda,,BMU,,54.0225,,30.36916667,,45.56416667,,68.27333333,,1,,0,,5.09323219,,27,,2,,3,,6,
22,Bhutan,BTN,CHN IND,12.23333333,9.0375,87.61333333,83.39083333,0,0,3.507715976,87,1,3,2,,Bhutan,,BTN,,12.23333333,,9.0375,,87.61333333,,83.39083333,,0,,0,,3.507715976,,87,,1,,3,,2
23,"Bolivia, Plurinational State of",BOL,BRA PER CHL ARG PRY,5.065833333,13.52,94.4925,83.08583333,0,0,3.49611312,103,1,3,4,,"Bolivia, Plurinational State of",,BOL,,5.065833333,,13.52,,94.4925,,83.08583333,,0,,0,,3.49611312,,103,,1,,3,,4
24,Bosnia and Herzegovina,BIH,HRV SRB MNE,8.479166667,5.12,91.33416667,87.04583333,0,0,3.780783447,87,3,3,3,,Bosnia and Herzegovina,,BIH,,8.479166667,,5.12,,91.33416667,,87.04583333,,0,,0,,3.780783447,,87,,3,,3,,3
25,Botswana,BWA,ZMB ZWE ZAF NAM,10.7125,12.53416667,88.535,82.37916667,0,0,3.826849369,82,2,2,1,,Botswana,,BWA,,10.7125,,12.53416667,,88.535,,82.37916667,,0,,0,,3.826849369,,82,,2,,2,,1
26,Brazil,BRA,GUY VEN COL PER BOL PRY ARG URY,13.525,8.805,86.21666667,89.01166667,0,1,3.832371198,87,1,3,2,,Brazil,,BRA,,13.525,,8.805,,86.21666667,,89.01166667,,0,,1,,3.832371198,,87,,1,,3,,2
27,Brunei Darussalam,BRN,,24.22166667,20.99,75.09083333,75.19666667,1,0,4.43834836,87,2,2,3,Brunei Darussalam,,BRN,,24.22166667,,20.99,,75.09083333,,75.19666667,,1,,0,,4.43834836,,87,,2,,2,,3,
28,Bulgaria,BGR,ROU SRB MKD GRC TUR,13.10416667,4.9025,86.48916667,90.55333333,0,0,4.00255815,87,1,3,2,,Bulgaria,,BGR,,13.10416667,,4.9025,,86.48916667,,90.55333333,,0,,0,,4.00255815,,87,,1,,3,,2
29,Burkina Faso,BFA,NER MLI CIV GHA TGO BEN,5.565833333,12.91666667,87.99833333,75.59416667,0,0,2.920084351,94,1,3,4,,Burkina Faso,,BFA,,5.565833333,,12.91666667,,87.99833333,,75.59416667,,0,,0,,2.920084351,,94,,1,,3,,4
30,Burundi,BDI,RWA TZA COD,4.480833333,10.9075,79.58166667,80.3925,0,0,2.457693886,87,3,2,3,,Burundi,,BDI,,4.480833333,,10.9075,,79.58166667,,80.3925,,0,,0,,2.457693886,,87,,3,,2,,3
31,Cambodia,KHM,LAO VNM THA,40.4175,15.46166667,59.08,82.12666667,0,0,3.180047927,23,1,1,1,,Cambodia,,KHM,,40.4175,,15.46166667,,59.08,,82.12666667,,0,,0,,3.180047927,,23,,1,,1,,1
32,Cameroon,CMR,NER TCD CAF COG GAB GNQ,6.381666667,6.925833333,87.95,77.9175,0,0,3.177053764,93,2,5,4,,Cameroon,,CMR,,6.381666667,,6.925833333,,87.95,,77.9175,,0,,0,,3.177053764,,93,,2,,5,,4
33,Canada,CAN,USA,50.98083333,25.87083333,48.6525,69.61833333,0,1,4.639094951,2,2,4,3,,Canada,,CAN,,50.98083333,,25.87083333,,48.6525,,69.61833333,,0,,1,,4.639094951,,2,,2,,4,,3
34,Cape Verde,CPV,,11.77833333,19.12,87.71166667,74.12166667,1,0,3.486469662,80,2,1,1,Cape Verde,,CPV,,11.77833333,,19.12,,87.71166667,,74.12166667,,1,,0,,3.486469662,,80,,2,,1,,1,
35,Cayman Islands,CYM,,51.26833333,30.03416667,48.4225,67.5375,1,0,4.978600144,3,1,2,1,Cayman Islands,,CYM,,51.26833333,,30.03416667,,48.4225,,67.5375,,1,,0,,4.978600144,,3,,1,,2,,1,
36,Central African Republic,CAF,TCD SDN COD COG CMR,4.745833333,3.336666667,89.50083333,74.92,0,0,2.683061871,93,2,5,4,,Central African Republic,,CAF,,4.745833333,,3.336666667,,89.50083333,,74.92,,0,,0,,2.683061871,,93,,2,,5,,4
37,Chad,TCD,LBY SDN CAF CMR NER,7.704166667,9.0825,89.7575,83.5925,0,0,2.832551883,94,2,4,3,,Chad,,TCD,,7.704166667,,9.0825,,89.7575,,83.5925,,0,,0,,2.832551883,,94,,2,,4,,3
38,Chile,CHL,PER BOL ARG,14.26833333,24.16333333,85.3775,73.18,0,0,4.121648783,91,1,2,3,,Chile,,CHL,,14.26833333,,24.16333333,,85.3775,,73.18,,0,,0,,4.121648783,,91,,1,,2,,3
39,China,CHN,RUS MNG PRK VNM LAO MNR IND NPL PAK TJK AFG KAZ BTN,18.5425,7.693333333,80.50083333,87.04166667,0,1,4.009874384,66,1,2,3,,China,,CHN,,18.5425,,7.693333333,,80.50083333,,87.04166667,,0,,1,,4.009874384,,66,,1,,2,,3
40,Colombia,COL,PAN BEN BRA PER ECU,10.5625,17.9225,88.78833333,79.63916667,0,0,3.727034512,82,1,3,3,,Colombia,,COL,,10.5625,,17.9225,,88.78833333,,79.63916667,,0,,0,,3.727034512,,82,,1,,3,,3
41,Comoros,COM,,5.681666667,8.078333333,93.65416667,78.7975,1,0,3.152793271,88,3,1,1,Comoros,,COM,,5.681666667,,8.078333333,,93.65416667,,78.7975,,1,,0,,3.152793271,,88,,3,,1,,1,
42,Congo,COG,CAF COD GAB CMR,7.416666667,9.028333333,76.595,79.765,0,0,3.262779058,75,1,6,5,,Congo,,COG,,7.416666667,,9.028333333,,76.595,,79.765,,0,,0,,3.262779058,,75,,1,,6,,5
43,"Congo, the Democratic Republic of the",COD,CAF SDN UGA RWA TZA ZMB AGO COG,8.308333333,14.00583333,88.8275,74.32,0,0,4.207795292,80,1,5,3,,"Congo, the Democratic Republic of the",,COD,,8.308333333,,14.00583333,,88.8275,,74.32,,0,,0,,4.207795292,,80,,1,,5,,3
44,Costa Rica,CRI,NIC PAN,18.85833333,31.25916667,80.865,65.69833333,0,0,4.081988048,66,1,2,3,,Costa Rica,,CRI,,18.85833333,,31.25916667,,80.865,,65.69833333,,0,,0,,4.081988048,,66,,1,,2,,3
45,Côte d'Ivoire,CIV,LBR GIN MLI BFA GHA,15.03416667,17.82916667,81.6375,76.53,0,0,3.365286837,94,1,5,3,,Côte d'Ivoire,,CIV,,15.03416667,,17.82916667,,81.6375,,76.53,,0,,0,,3.365286837,,94,,1,,5,,3
46,Croatia,HRV,SVN HUN SRB BIH MNE,11.52333333,7.9975,88.13916667,85.03,0,0,4.144114514,83,2,1,1,,Croatia,,HRV,,11.52333333,,7.9975,,88.13916667,,85.03,,0,,0,,4.144114514,,83,,2,,1,,1
47,Cuba,CUB,,11.2475,2.015833333,88.55833333,88.9225,1,0,3.976755782,83,1,3,2,Cuba,,CUB,,11.2475,,2.015833333,,88.55833333,,88.9225,,1,,0,,3.976755782,,83,,1,,3,,2,
48,Cyprus,CYP,,22.3725,15.95416667,77.4,77.24333333,1,0,4.449232582,91,2,2,1,Cyprus,,CYP,,22.3725,,15.95416667,,77.4,,77.24333333,,1,,0,,4.449232582,,91,,2,,2,,1,
49,Czech Republic,CZE,POL SVK AUT DEU,20.7925,10.28,78.82166667,85.28666667,0,0,4.360055967,70,1,2,1,,Czech Republic,,CZE,,20.7925,,10.28,,78.82166667,,85.28666667,,0,,0,,4.360055967,,70,,1,,2,,1
50,Denmark,DNK,SWE DEU,55.02083333,34.16166667,44.79916667,61.82583333,0,0,4.788716883,27,1,1,1,,Denmark,,DNK,,55.02083333,,34.16166667,,44.79916667,,61.82583333,,0,,0,,4.788716883,,27,,1,,1,,1
51,Djibouti,DJI,ELI ETH SOM,9.8225,7.695,89.92166667,88.945,0,0,3.539833409,80,2,3,1,,Djibouti,,DJI,,9.8225,,7.695,,89.92166667,,88.945,,0,,0,,3.539833409,,80,,2,,3,,1
52,Dominica,DMA,,12.8725,12.6225,86.87,74.92083333,1,0,3.847491549,86,1,2,2,Dominica,,DMA,,12.8725,,12.6225,,86.87,,74.92083333,,1,,0,,3.847491549,,86,,1,,2,,2,
53,Dominican Republic,DOM,HTI,24.81166667,21.28833333,74.91666667,74.83916667,1,0,3.861485937,86,1,3,1,Dominican Republic,,DOM,,24.81166667,,21.28833333,,74.91666667,,74.83916667,,1,,0,,3.861485937,,86,,1,,3,,1,
54,Ecuador,ECU,COL PER,11.96916667,22.31416667,87.3075,75.36,0,0,3.74829593,80,1,4,3,,Ecuador,,ECU,,11.96916667,,22.31416667,,87.3075,,75.36,,0,,0,,3.74829593,,80,,1,,4,,3
55,Egypt,EGY,ISR SDN LBY,11.59,7.505,88.1625,89.77583333,0,0,3.557488224,83,1,1,2,,Egypt,,EGY,,11.59,,7.505,,88.1625,,89.77583333,,0,,0,,3.557488224,,83,,1,,1,,2
56,El Salvador,SLV,GTM HND,10.20583333,15.97416667,89.46916667,77.71,0,0,3.579741845,83,1,2,2,,El Salvador,,SLV,,10.20583333,,15.97416667,,89.46916667,,77.71,,0,,0,,3.579741845,,83,,1,,2,,2
57,Equatorial Guinea,GNQ,CMR GAB,12.495,9.450833333,86.7,85.01833333,0,0,3.85395592,86,3,3,1,,Equatorial Guinea,,GNQ,,12.495,,9.450833333,,86.7,,85.01833333,,0,,0,,3.85395592,,86,,3,,3,,1
58,Eritrea,ERI,SDN ETH DJI,5.616666667,1.435,90.99583333,91.4675,0,0,2.769830732,91,2,2,3,,Eritrea,,ERI,,5.616666667,,1.435,,90.99583333,,91.4675,,0,,0,,2.769830732,,91,,2,,2,,3
59,Estonia,EST,LVA RUS,31.39833333,15.14583333,67.855,80.6175,0,0,4.363734606,88,1,2,4,,Estonia,,EST,,31.39833333,,15.14583333,,67.855,,80.6175,,0,,0,,4.363734606,,88,,1,,2,,4
60,Ethiopia,ETH,SDN ERI DJI SOM KEN,5.171666667,4.68,88.26416667,90.25416667,0,0,2.924982857,93,1,4,3,,Ethiopia,,ETH,,5.171666667,,4.68,,88.26416667,,90.25416667,,0,,0,,2.924982857,,93,,1,,4,,3
61,Faroe Islands,FRO,,59.58583333,27.3175,40.25416667,71.12333333,1,0,4.821655519,19,2,2,1,Faroe Islands,,FRO,,59.58583333,,27.3175,,40.25416667,,71.12333333,,1,,0,,4.821655519,,19,,2,,2,,1,
62,Fiji,FJI,,7.138333333,13.02583333,92.7225,81.85,1,0,3.700204336,91,3,2,5,Fiji,,FJI,,7.138333333,,13.02583333,,92.7225,,81.85,,1,,0,,3.700204336,,91,,3,,2,,5,
63,Finland,FIN,SWE NOR RUS,28.01166667,16.88833333,71.64333333,77.24583333,0,0,4.687406284,87,2,3,2,,Finland,,FIN,,28.01166667,,16.88833333,,71.64333333,,77.24583333,,0,,0,,4.687406284,,87,,2,,3,,2
64,France,FRA,BEL LUX DEU CHE ITA MCO AND ESP,29.025,23.0925,70.62666667,72.83833333,0,1,4.590614527,87,1,1,2,,France,,FRA,,29.025,,23.0925,,70.62666667,,72.83833333,,0,,1,,4.590614527,,87,,1,,1,,2
65,French Polynesia,PYF,,28.31833333,36.53083333,71.5475,60.00083333,1,0,4.316147652,87,2,5,5,French Polynesia,,PYF,,28.31833333,,36.53083333,,71.5475,,60.00083333,,1,,0,,4.316147652,,87,,2,,5,,5,
66,Gabon,GAB,GNQ CMR COG,7.764166667,19.5175,90.89083333,74.975,0,0,3.831894887,89,1,4,4,,Gabon,,GAB,,7.764166667,,19.5175,,90.89083333,,74.975,,0,,0,,3.831894887,,89,,1,,4,,4
67,Gambia,GMB,SEN,16.58083333,10.05083333,82.10166667,81.04583333,0,0,2.879905449,70,1,5,1,,Gambia,,GMB,,16.58083333,,10.05083333,,82.10166667,,81.04583333,,0,,0,,2.879905449,,70,,1,,5,,1
68,Georgia,GEO,,20.97916667,6.081666667,77.78833333,91.57333333,0,0,3.600394513,89,1,2,2,,Georgia,,GEO,,20.97916667,,6.081666667,,77.78833333,,91.57333333,,0,,0,,3.600394513,,89,,1,,2,,2
69,Germany,DEU,,30.27666667,17.78166667,69.08083333,77.44916667,0,1,4.661904689,91,1,1,2,,Germany,,DEU,,30.27666667,,17.78166667,,69.08083333,,77.44916667,,0,,1,,4.661904689,,91,,1,,1,,2
70,Ghana,GHA,,12.82083333,10.70083333,84.66666667,76.59333333,0,0,3.343709066,88,1,5,5,,Ghana,,GHA,,12.82083333,,10.70083333,,84.66666667,,76.59333333,,0,,0,,3.343709066,,88,,1,,5,,5
72,Greece,GRC,,13.24833333,5.640833333,84.58583333,87.0375,0,0,4.258111939,89,1,1,1,,Greece,,GRC,,13.24833333,,5.640833333,,84.58583333,,87.0375,,0,,0,,4.258111939,,89,,1,,1,,1
73,Greenland,GRL,,43.4725,36.17666667,56.34083333,62.14,1,0,4.741463374,19,1,2,2,Greenland,,GRL,,43.4725,,36.17666667,,56.34083333,,62.14,,1,,0,,4.741463374,,19,,1,,2,,2,
74,Grenada,GRD,,14.22333333,14.48,85.475,75.07083333,1,0,3.967261648,91,1,2,2,Grenada,,GRD,,14.22333333,,14.48,,85.475,,75.07083333,,1,,0,,3.967261648,,91,,1,,2,,2,
75,Guam,GUM,,49.30833333,32.7625,50.4075,61.66833333,1,0,4.539394047,7,2,4,2,Guam,,GUM,,49.30833333,,32.7625,,50.4075,,61.66833333,,1,,0,,4.539394047,,7,,2,,4,,2,
76,Guatemala,GTM,,12.30833333,22.975,87.475,72.26666667,0,0,3.636757312,87,1,6,2,,Guatemala,,GTM,,12.30833333,,22.975,,87.475,,72.26666667,,0,,0,,3.636757312,,87,,1,,6,,2
77,Guinea,GIN,,6.198333333,9.548333333,75.92416667,72.3225,0,0,3.072061904,73,1,5,3,,Guinea,,GIN,,6.198333333,,9.548333333,,75.92416667,,72.3225,,0,,0,,3.072061904,,73,,1,,5,,3
78,Guinea-Bissau,GNB,,4.195833333,14.38,92.12916667,73.33666667,0,0,2.825549553,88,1,4,2,,Guinea-Bissau,,GNB,,4.195833333,,14.38,,92.12916667,,73.33666667,,0,,0,,2.825549553,,88,,1,,4,,2
79,Guyana,GUY,,14.43583333,8.693333333,84.91083333,79.16166667,0,0,3.842423215,90,1,4,6,,Guyana,,GUY,,14.43583333,,8.693333333,,84.91083333,,79.16166667,,0,,0,,3.842423215,,90,,1,,4,,6
80,Haiti,HTI,DOM,9.720833333,21.52333333,90.11666667,68.1625,1,0,3.13379511,87,2,2,3,Haiti,,HTI,,9.720833333,,21.52333333,,90.11666667,,68.1625,,1,,0,,3.13379511,,87,,2,,2,,3,
81,Honduras,HND,,15.28416667,18.24416667,84.25916667,76.22333333,0,0,3.381428273,91,1,2,2,,Honduras,,HND,,15.28416667,,18.24416667,,84.25916667,,76.22333333,,0,,0,,3.381428273,,91,,1,,2,,2
82,Hong Kong,HKG,,45.22416667,29.56083333,53.30083333,65.79666667,0,1,4.663719578,24,2,1,3,,Hong Kong,,HKG,,45.22416667,,29.56083333,,53.30083333,,65.79666667,,0,,1,,4.663719578,,24,,2,,1,,3
83,Hungary,HUN,,19.30666667,6.266666667,79.70083333,89.825,0,0,4.207624988,64,1,1,2,,Hungary,,HUN,,19.30666667,,6.266666667,,79.70083333,,89.825,,0,,0,,4.207624988,,64,,1,,1,,2
84,Iceland,ISL,,47.30166667,28.73083333,52.55333333,67.96333333,1,0,4.803764415,27,1,1,1,Iceland,,ISL,,47.30166667,,28.73083333,,52.55333333,,67.96333333,,1,,0,,4.803764415,,27,,1,,1,,1,
85,India,IND,,3.224166667,6.844166667,95.23666667,83.28583333,0,0,3.286000652,96,23,23,2,,India,,IND,,3.224166667,,6.844166667,,95.23666667,,83.28583333,,0,,0,,3.286000652,,96,,23,,23,,2
86,Indonesia,IDN,,7.604166667,9.215,92.15666667,84.5275,1,0,3.587777004,91,1,2,1,Indonesia,,IDN,,7.604166667,,9.215,,92.15666667,,84.5275,,1,,0,,3.587777004,,91,,1,,2,,1,
87,Iran Islamic Republic of,IRN,,9.830833333,2.308333333,89.89083333,95.62166667,0,0,4.048607832,80,3,1,1,,Iran Islamic Republic of,,IRN,,9.830833333,,2.308333333,,89.89083333,,95.62166667,,0,,0,,4.048607832,,80,,3,,1,,1
88,Iraq,IRQ,,17.92166667,8.800833333,81.93416667,87.63666667,0,0,3.617719789,64,2,3,1,,Iraq,,IRQ,,17.92166667,,8.800833333,,81.93416667,,87.63666667,,0,,0,,3.617719789,,64,,2,,3,,1
89,Ireland,IRL,,41.65083333,24.40333333,58.07166667,68.51416667,1,0,4.935769145,23,2,2,2,Ireland,,IRL,,41.65083333,,24.40333333,,58.07166667,,68.51416667,,1,,0,,4.935769145,,23,,2,,2,,2,
91,Israel,ISR,,22.72,12.84333333,77.12166667,84.275,0,0,4.672417331,91,2,2,2,,Israel,,ISR,,22.72,,12.84333333,,77.12166667,,84.275,,0,,0,,4.672417331,,91,,2,,2,,2
92,Italy,ITA,,25.14333333,25.345,74.5125,71.395,0,1,4.494697795,87,1,1,2,,Italy,,ITA,,25.14333333,,25.345,,74.5125,,71.395,,0,,1,,4.494697795,,87,,1,,1,,2
93,Jamaica,JAM,,22.20416667,16.32416667,77.5425,70.71916667,1,0,3.668900029,91,1,2,5,Jamaica,,JAM,,22.20416667,,16.32416667,,77.5425,,70.71916667,,1,,0,,3.668900029,,91,,1,,2,,5,
94,Japan,JPN,,63.53666667,21.9825,36.28916667,66.99833333,1,1,4.601959283,27,1,1,2,Japan,,JPN,,63.53666667,,21.9825,,36.28916667,,66.99833333,,1,,1,,4.601959283,,27,,1,,1,,2,
95,Jordan,JOR,,15.075,15.06,84.79833333,82.11,0,0,3.631821245,91,1,4,1,,Jordan,,JOR,,15.075,,15.06,,84.79833333,,82.11,,0,,0,,3.631821245,,91,,1,,4,,1
96,Kazakhstan,KAZ,,20.64833333,7.604166667,79.03416667,90.86416667,0,0,3.959633276,71,2,2,2,,Kazakhstan,,KAZ,,20.64833333,,7.604166667,,79.03416667,,90.86416667,,0,,0,,3.959633276,,71,,2,,2,,2
97,Kenya,KEN,,4.558333333,10.93666667,88.3175,76.725,0,0,3.274061091,92,2,8,4,,Kenya,,KEN,,4.558333333,,10.93666667,,88.3175,,76.725,,0,,0,,3.274061091,,92,,2,,8,,4
98,Kiribati,KIR,,9.384166667,13.95916667,90.5275,75.8325,1,0,3.180575846,87,2,2,3,Kiribati,,KIR,,9.384166667,,13.95916667,,90.5275,,75.8325,,1,,0,,3.180575846,,87,,2,,2,,3,
99,Korea Democratic People's Republic of,PRK,,17.84,4.480833333,82.16,93.235,0,0,2.791611525,71,1,1,3,,Korea Democratic People's Republic of,,PRK,,17.84,,4.480833333,,82.16,,93.235,,0,,0,,2.791611525,,71,,1,,1,,3
100,Korea Republic of,KOR,,23.97916667,7.809166667,75.90333333,89.69333333,0,1,4.504443438,88,1,1,3,,Korea Republic of,,KOR,,23.97916667,,7.809166667,,75.90333333,,89.69333333,,0,,1,,4.504443438,,88,,1,,1,,3
101,Kuwait,KWT,,36.40666667,28.34666667,63.36166667,68.70833333,0,0,4.394627458,103,1,3,2,,Kuwait,,KWT,,36.40666667,,28.34666667,,63.36166667,,68.70833333,,0,,0,,4.394627458,,103,,1,,3,,2
102,Lao People's Democratic Republic,LAO,,21.825,10.8175,77.29583333,82.73,0,0,3.418923716,88,1,3,3,,Lao People's Democratic Republic,,LAO,,21.825,,10.8175,,77.29583333,,82.73,,0,,0,,3.418923716,,88,,1,,3,,3
103,Latvia,LVA,,25.13833333,13.00083333,74.51583333,83.285,0,0,4.252161256,87,1,2,4,,Latvia,,LVA,,25.13833333,,13.00083333,,74.51583333,,83.285,,0,,0,,4.252161256,,87,,1,,2,,4
104,Lebanon,LBN,,19.16916667,21.605,80.68083333,77.1825,0,0,3.969003879,67,1,4,6,,Lebanon,,LBN,,19.16916667,,21.605,,80.68083333,,77.1825,,0,,0,,3.969003879,,67,,1,,4,,6
105,Lesotho,LSO,,3.17,3.611666667,94.66583333,67.61666667,0,0,3.026233165,97,2,1,4,,Lesotho,,LSO,,3.17,,3.611666667,,94.66583333,,67.61666667,,0,,0,,3.026233165,,97,,2,,1,,4
106,Liberia,LBR,,6.531666667,5.571666667,87.99666667,67.58833333,0,0,2.69154042,93,1,7,2,,Liberia,,LBR,,6.531666667,,5.571666667,,87.99666667,,67.58833333,,0,,0,,2.69154042,,93,,1,,7,,2
107,Libya,LBY,,9.3475,6.0225,90.28166667,91.72083333,0,0,3.627751549,87,1,4,1,,Libya,,LBY,,9.3475,,6.0225,,90.28166667,,91.72083333,,0,,0,,3.627751549,,87,,1,,4,,1
108,Liechtenstein,LIE,,51.45,28.38166667,48.19166667,70.42916667,0,0,5.255822581,3,1,3,2,,Liechtenstein,,LIE,,51.45,,28.38166667,,48.19166667,,70.42916667,,0,,0,,5.255822581,,3,,1,,3,,2
109,Lithuania,LTU,,23.175,11.70416667,76.41916667,85.50333333,0,0,4.317495922,91,1,1,1,,Lithuania,,LTU,,23.175,,11.70416667,,76.41916667,,85.50333333,,0,,0,,4.317495922,,91,,1,,1,,1
110,Luxembourg,LUX,,41.92916667,31.39333333,57.38916667,63.505,0,0,5.068863303,16,3,3,1,,Luxembourg,,LUX,,41.92916667,,31.39333333,,57.38916667,,63.505,,0,,0,,5.068863303,,16,,3,,3,,1
111,Macao,MAC,,63.275,30.23416667,35.57,65.76916667,1,1,4.573738782,24,2,1,3,Macao,,MAC,,63.275,,30.23416667,,35.57,,65.76916667,,1,,1,,4.573738782,,24,,2,,1,,3,
112,Macedonia North,MKD,,15.18666667,4.921666667,84.535,90.87916667,0,0,3.769928046,91,5,1,2,,Macedonia North,,MKD,,15.18666667,,4.921666667,,84.535,,90.87916667,,0,,0,,3.769928046,,91,,5,,1,,2
113,Madagascar,MDG,,8.171666667,8.94,79.49083333,81.18,1,0,2.672805375,91,2,6,3,Madagascar,,MDG,,8.171666667,,8.94,,79.49083333,,81.18,,1,,0,,2.672805375,,91,,2,,6,,3,
114,Malawi,MWI,,5.868333333,8.050833333,88.97,82.49333333,0,0,2.78948736,93,1,5,5,,Malawi,,MWI,,5.868333333,,8.050833333,,88.97,,82.49333333,,0,,0,,2.78948736,,93,,1,,5,,5
115,Malaysia,MYS,,20.51,13.7175,78.47833333,80.65333333,1,0,4.017149965,70,4,3,4,Malaysia,,MYS,,20.51,,13.7175,,78.47833333,,80.65333333,,1,,0,,4.017149965,,70,,4,,3,,4,
116,Maldives,MDV,,27.86916667,12.6875,72.02916667,84.89,1,0,3.840425663,83,1,1,1,Maldives,,MDV,,27.86916667,,12.6875,,72.02916667,,84.89,,1,,0,,3.840425663,,83,,1,,1,,1,
117,Mali,MLI,,8.34,19.8075,88.69833333,70.86916667,0,0,2.932911485,80,1,6,1,,Mali,,MLI,,8.34,,19.8075,,88.69833333,,70.86916667,,0,,0,,2.932911485,,80,,1,,6,,1
118,Malta,MLT,,26.23333333,21.45,73.40333333,75.5375,1,0,4.528554082,83,2,1,2,Malta,,MLT,,26.23333333,,21.45,,73.40333333,,75.5375,,1,,0,,4.528554082,,83,,2,,1,,2,
119,Marshall Islands,MHL,,30.9225,19.46583333,68.865,74.72083333,1,0,3.616068956,90,2,1,4,Marshall Islands,,MHL,,30.9225,,19.46583333,,68.865,,74.72083333,,1,,0,,3.616068956,,90,,2,,1,,4,
120,Mauritania,MRT,,10.07,8.101666667,89.51083333,83.16,0,0,3.231339,83,1,3,1,,Mauritania,,MRT,,10.07,,8.101666667,,89.51083333,,83.16,,0,,0,,3.231339,,83,,1,,3,,1
121,Mauritius,MUS,,9.745,19.365,89.76,77.2625,1,0,3.933889137,80,3,1,4,Mauritius,,MUS,,9.745,,19.365,,89.76,,77.2625,,1,,0,,3.933889137,,80,,3,,1,,4,
122,Mexico,MEX,,15.375,25.14166667,84.30833333,70.3225,0,1,3.920466201,91,1,2,2,,Mexico,,MEX,,15.375,,25.14166667,,84.30833333,,70.3225,,0,,1,,3.920466201,,91,,1,,2,,2
123,Micronesia Federated States of,FSM,,17.0075,13.40666667,82.91833333,73.67416667,1,0,3.544175143,71,1,5,2,Micronesia Federated States of,,FSM,,17.0075,,13.40666667,,82.91833333,,73.67416667,,1,,0,,3.544175143,,71,,1,,5,,2,
124,Moldova Republic of,MDA,,14.88,9.97,84.58833333,86.39833333,0,0,3.470485594,90,4,3,2,,Moldova Republic of,,MDA,,14.88,,9.97,,84.58833333,,86.39833333,,0,,0,,3.470485594,,90,,4,,3,,2
125,Monaco,MCO,,64.35833333,33.91666667,34.8625,63.54666667,0,0,5.239791748,102,1,4,2,,Monaco,,MCO,,64.35833333,,33.91666667,,34.8625,,63.54666667,,0,,0,,5.239791748,,102,,1,,4,,2
126,Mongolia,MNG,,26.72833333,7.338333333,72.96333333,90.52583333,0,0,3.602961441,82,1,1,1,,Mongolia,,MNG,,26.72833333,,7.338333333,,72.96333333,,90.52583333,,0,,0,,3.602961441,,82,,1,,1,,1
127,Montenegro,MNE,,14.48166667,5.5875,85.3125,88.39416667,0,0,3.882337917,91,2,3,2,,Montenegro,,MNE,,14.48166667,,5.5875,,85.3125,,88.39416667,,0,,0,,3.882337917,,91,,2,,3,,2
128,Morocco,MAR,,18.11083333,14.65083333,81.4375,81.97416667,0,0,3.492645219,67,3,4,1,,Morocco,,MAR,,18.11083333,,14.65083333,,81.4375,,81.97416667,,0,,0,,3.492645219,,67,,3,,4,,1
129,Mozambique,MOZ,,7.4025,10.06,88.02083333,72.72833333,0,0,2.653061827,95,1,1,4,,Mozambique,,MOZ,,7.4025,,10.06,,88.02083333,,72.72833333,,0,,0,,2.653061827,,95,,1,,1,,4
130,Myanmar,MMR,,10.55583333,13.78,89.28,81.5425,0,0,3.1115142,83,1,3,2,,Myanmar,,MMR,,10.55583333,,13.78,,89.28,,81.5425,,0,,0,,3.1115142,,83,,1,,3,,2
131,Namibia,NAM,,11.31333333,12.37583333,88.00666667,78.32416667,0,0,3.624918128,83,1,3,5,,Namibia,,NAM,,11.31333333,,12.37583333,,88.00666667,,78.32416667,,0,,0,,3.624918128,,83,,1,,3,,5
132,Nauru,NRU,,5.189166667,10.57916667,94.72833333,81.46166667,1,0,4.097304738,103,2,1,3,Nauru,,NRU,,5.189166667,,10.57916667,,94.72833333,,81.46166667,,1,,0,,4.097304738,,103,,2,,1,,3,
133,Nepal,NPL,,7.2075,4.941666667,92.58916667,90.34666667,0,0,3.055488404,91,1,6,2,,Nepal,,NPL,,7.2075,,4.941666667,,92.58916667,,90.34666667,,0,,0,,3.055488404,,91,,1,,6,,2
134,Netherlands,NLD,,38.88583333,24.33166667,60.63833333,70.1875,0,1,4.727009511,26,1,1,4,,Netherlands,,NLD,,38.88583333,,24.33166667,,60.63833333,,70.1875,,0,,1,,4.727009511,,26,,1,,1,,4
135,New Caledonia,NCL,,27.44416667,28.97416667,71.94333333,67.35833333,1,0,4.531572474,80,2,4,3,New Caledonia,,NCL,,27.44416667,,28.97416667,,71.94333333,,67.35833333,,1,,0,,4.531572474,,80,,2,,4,,3,
136,New Zealand,NZL,,41.41833333,25.52416667,58.23083333,68.83333333,1,0,4.643187385,23,3,5,4,New Zealand,,NZL,,41.41833333,,25.52416667,,58.23083333,,68.83333333,,1,,0,,4.643187385,,23,,3,,5,,4,
137,Nicaragua,NIC,,9.1075,12.01833333,90.46166667,82.58166667,0,0,3.280181041,87,2,4,3,,Nicaragua,,NIC,,9.1075,,12.01833333,,90.46166667,,82.58166667,,0,,0,,3.280181041,,87,,2,,4,,3
138,Niger,NER,,4.4575,6.92,92.63583333,84.13416667,0,0,2.754860086,88,1,5,3,,Niger,,NER,,4.4575,,6.92,,92.63583333,,84.13416667,,0,,0,,2.754860086,,88,,1,,5,,3
139,Nigeria,NGA,,7.249166667,8.785833333,85.17583333,74.70833333,0,0,3.31941299,82,1,4,4,,Nigeria,,NGA,,7.249166667,,8.785833333,,85.17583333,,74.70833333,,0,,0,,3.31941299,,82,,1,,4,,4
140,Northern Mariana Islands,MNP,,29.9925,29.77666667,69.79333333,65.88583333,1,0,4.315151338,88,3,4,4,Northern Mariana Islands,,MNP,,29.9925,,29.77666667,,69.79333333,,65.88583333,,1,,0,,4.315151338,,88,,3,,4,,4,
141,Norway,NOR,,55.52083333,27.5625,44.2675,66.9875,0,0,4.825242563,27,1,2,1,,Norway,,NOR,,55.52083333,,27.5625,,44.2675,,66.9875,,0,,0,,4.825242563,,27,,1,,2,,1
142,Oman,OMN,,14.37833333,17.85083333,85.33666667,77.985,0,0,4.093768217,91,1,4,3,,Oman,,OMN,,14.37833333,,17.85083333,,85.33666667,,77.985,,0,,0,,4.093768217,,91,,1,,4,,3
143,Pakistan,PAK,,4.53,3.939166667,94.62583333,87.62416667,0,0,3.067523334,102,2,4,1,,Pakistan,,PAK,,4.53,,3.939166667,,94.62583333,,87.62416667,,0,,0,,3.067523334,,102,,2,,4,,1
144,Palau,PLW,,20.88333333,10.53916667,78.77916667,84.92666667,1,0,4.163397239,70,2,2,4,Palau,,PLW,,20.88333333,,10.53916667,,78.77916667,,84.92666667,,1,,0,,4.163397239,,70,,2,,2,,4,
145,Panama,PAN,,15.75083333,28.03416667,83.9525,68.68083333,0,0,4.088846186,88,1,3,2,,Panama,,PAN,,15.75083333,,28.03416667,,83.9525,,68.68083333,,0,,0,,4.088846186,,88,,1,,3,,2
146,Papua New Guinea,PNG,,4.6425,6.434166667,94.54416667,77.21,1,0,3.42174919,102,2,1,5,Papua New Guinea,,PNG,,4.6425,,6.434166667,,94.54416667,,77.21,,1,,0,,3.42174919,,102,,2,,1,,5,
147,Paraguay,PRY,,5.664166667,9.786666667,94.15666667,86.81,0,0,3.694670481,103,2,1,2,,Paraguay,,PRY,,5.664166667,,9.786666667,,94.15666667,,86.81,,0,,0,,3.694670481,,103,,2,,1,,2
148,Peru,PER,,8.306666667,9.043333333,90.90416667,88.615,0,0,3.789841369,86,1,3,2,,Peru,,PER,,8.306666667,,9.043333333,,90.90416667,,88.615,,0,,0,,3.789841369,,86,,1,,3,,2
149,Philippines,PHL,,15.76416667,11.72666667,83.91666667,82.71083333,1,0,3.518491575,88,2,6,2,Philippines,,PHL,,15.76416667,,11.72666667,,83.91666667,,82.71083333,,1,,0,,3.518491575,,88,,2,,6,,2,
150,Poland,POL,,5.28,5.114166667,94.10333333,89.835,0,0,4.19769689,103,1,1,1,,Poland,,POL,,5.28,,5.114166667,,94.10333333,,89.835,,0,,0,,4.19769689,,103,,1,,1,,1
151,Portugal,PRT,,22.8125,17.63916667,76.93833333,80.09166667,0,0,4.35052014,90,2,1,1,,Portugal,,PRT,,22.8125,,17.63916667,,76.93833333,,80.09166667,,0,,0,,4.35052014,,90,,2,,1,,1
152,Puerto Rico,PRI,,39.96333333,32.09333333,59.7925,63.07083333,1,0,4.556936472,24,2,2,2,Puerto Rico,,PRI,,39.96333333,,32.09333333,,59.7925,,63.07083333,,1,,0,,4.556936472,,24,,2,,2,,2,
153,Qatar,QAT,,20.80416667,18.05,79.02333333,78.19666667,0,0,4.705999916,71,1,2,3,,Qatar,,QAT,,20.80416667,,18.05,,79.02333333,,78.19666667,,0,,0,,4.705999916,,71,,1,,2,,3
154,Romania,ROU,,18.155,6.141666667,81.33,89.86833333,1,0,4.11158444,67,1,2,1,Romania,,ROU,,18.155,,6.141666667,,81.33,,89.86833333,,1,,0,,4.11158444,,67,,1,,2,,1,
155,Russian Federation,RUS,,24.5275,11.81416667,74.99583333,83.71333333,0,0,4.00717172,86,1,1,3,,Russian Federation,,RUS,,24.5275,,11.81416667,,74.99583333,,83.71333333,,0,,0,,4.00717172,,86,,1,,1,,3
156,Rwanda,RWA,,8.855833333,11.84083333,83.91666667,81.21833333,0,0,2.902386623,95,3,2,3,,Rwanda,,RWA,,8.855833333,,11.84083333,,83.91666667,,81.21833333,,0,,0,,2.902386623,,95,,3,,2,,3
157,Saint Kitts and Nevis,KNA,,22.70083333,18.725,77.03833333,75.62083333,1,0,4.241412815,91,1,2,2,Saint Kitts and Nevis,,KNA,,22.70083333,,18.725,,77.03833333,,75.62083333,,1,,0,,4.241412815,,91,,1,,2,,2,
158,Saint Lucia,LCA,,14.76666667,15.72916667,85.02666667,70.76166667,1,0,3.94476212,91,1,2,4,Saint Lucia,,LCA,,14.76666667,,15.72916667,,85.02666667,,70.76166667,,1,,0,,3.94476212,,91,,1,,2,,4,
159,Saint Vincent and the Grenadines,VCT,,14.035,14.93333333,85.47416667,74.1475,1,0,3.863285547,91,1,2,6,Saint Vincent and the Grenadines,,VCT,,14.035,,14.93333333,,85.47416667,,74.1475,,1,,0,,3.863285547,,91,,1,,2,,6,
160,Samoa,WSM,,7.4775,5.421666667,92.42166667,68.49083333,1,0,3.590060936,91,2,1,5,Samoa,,WSM,,7.4775,,5.421666667,,92.42166667,,68.49083333,,1,,0,,3.590060936,,91,,2,,1,,5,
161,San Marino,SMR,,32.07,34.20083333,67.615,64.48916667,0,0,4.661180171,103,1,2,1,,San Marino,,SMR,,32.07,,34.20083333,,67.615,,64.48916667,,0,,0,,4.661180171,,103,,1,,2,,1
162,Sao Tome and Principe,STP,,17.14916667,4.65,82.0075,88.4975,1,0,3.337468829,71,1,3,1,Sao Tome and Principe,,STP,,17.14916667,,4.65,,82.0075,,88.4975,,1,,0,,3.337468829,,71,,1,,3,,1,
163,Saudi Arabia,SAU,,38.3925,19.59166667,61.4875,78.22333333,0,0,4.303440475,27,1,2,2,,Saudi Arabia,,SAU,,38.3925,,19.59166667,,61.4875,,78.22333333,,0,,0,,4.303440475,,27,,1,,2,,2
164,Senegal,SEN,,12.81583333,17.60833333,86.66,70.675,0,0,3.164052532,86,1,3,1,,Senegal,,SEN,,12.81583333,,17.60833333,,86.66,,70.675,,0,,0,,3.164052532,,86,,1,,3,,1
165,Serbia,SRB,,10.20916667,4.598333333,89.34666667,90.09,0,0,3.884041398,83,1,1,2,,Serbia,,SRB,,10.20916667,,4.598333333,,89.34666667,,90.09,,0,,0,,3.884041398,,83,,1,,1,,2
166,Seychelles,SYC,,12.35416667,9.858333333,87.2225,80.01,1,0,4.032126444,87,3,1,2,Seychelles,,SYC,,12.35416667,,9.858333333,,87.2225,,80.01,,1,,0,,4.032126444,,87,,3,,1,,2,
167,Sierra Leone,SLE,,6.165,7.920833333,80.92833333,79.685,0,0,2.677325904,86,1,4,2,,Sierra Leone,,SLE,,6.165,,7.920833333,,80.92833333,,79.685,,0,,0,,2.677325904,,86,,1,,4,,2
168,Singapore,SGP,,34.49583333,26.76916667,64.59333333,68.75666667,1,1,4.764290076,98,4,3,4,Singapore,,SGP,,34.49583333,,26.76916667,,64.59333333,,68.75666667,,1,,1,,4.764290076,,98,,4,,3,,4,
169,Slovakia,SVK,,19.64416667,10.96583333,79.50833333,85.71333333,0,0,4.284760842,64,1,2,2,,Slovakia,,SVK,,19.64416667,,10.96583333,,79.50833333,,85.71333333,,0,,0,,4.284760842,,64,,1,,2,,2
170,Slovenia,SVN,,17.21666667,10.05416667,82.47333333,86.9125,0,0,4.411255903,71,1,1,1,,Slovenia,,SVN,,17.21666667,,10.05416667,,82.47333333,,86.9125,,0,,0,,4.411255903,,71,,1,,1,,1
171,Solomon Islands,SLB,,7.6825,7.4025,91.66833333,79.34916667,1,0,3.352484249,88,1,1,5,Solomon Islands,,SLB,,7.6825,,7.4025,,91.66833333,,79.34916667,,1,,0,,3.352484249,,88,,1,,1,,5,
172,Somalia,SOM,,6.054166667,6.370833333,93.26666667,88.6675,0,0,2.0750316,91,2,1,1,,Somalia,,SOM,,6.054166667,,6.370833333,,93.26666667,,88.6675,,0,,0,,2.0750316,,91,,2,,1,,1
173,South Africa,ZAF,,15.07083333,15.28583333,84.30083333,71.865,0,0,3.707176922,91,11,3,2,,South Africa,,ZAF,,15.07083333,,15.28583333,,84.30083333,,71.865,,0,,0,,3.707176922,,91,,11,,3,,2
174,Spain,ESP,,20.05666667,19.72166667,79.6625,75.7875,0,1,4.437903251,71,1,1,1,,Spain,,ESP,,20.05666667,,19.72166667,,79.6625,,75.7875,,0,,1,,4.437903251,,71,,1,,1,,1
175,Sri Lanka,LKA,,9.978333333,6.804166667,89.425,89.48833333,1,0,3.576180811,80,2,3,4,Sri Lanka,,LKA,,9.978333333,,6.804166667,,89.425,,89.48833333,,1,,0,,3.576180811,,80,,2,,3,,4,
176,Sudan,SDN,,5.796666667,9.313333333,92,84.84333333,0,0,3.151137914,89,2,1,4,,Sudan,,SDN,,5.796666667,,9.313333333,,92,,84.84333333,,0,,0,,3.151137914,,89,,2,,1,,4
177,Suriname,SUR,,16.63,7.738333333,83.09166667,85.50333333,0,0,3.84657011,71,1,5,4,,Suriname,,SUR,,16.63,,7.738333333,,83.09166667,,85.50333333,,0,,0,,3.84657011,,71,,1,,5,,4
178,Swaziland,SWZ,,5.4925,6.378333333,91.3475,79.56416667,0,0,3.51940455,90,2,2,3,,Swaziland,,SWZ,,5.4925,,6.378333333,,91.3475,,79.56416667,,0,,0,,3.51940455,,90,,2,,2,,3
179,Sweden,SWE,,50.32333333,24.91666667,49.45333333,64.2825,0,1,4.72896666,3,1,1,1,,Sweden,,SWE,,50.32333333,,24.91666667,,49.45333333,,64.2825,,0,,1,,4.72896666,,3,,1,,1,,1
180,Switzerland,CHE,,50.3775,32.73083333,49.22916667,64.77583333,0,1,4.93911796,3,4,1,4,,Switzerland,,CHE,,50.3775,,32.73083333,,49.22916667,,64.77583333,,0,,1,,4.93911796,,3,,4,,1,,4
181,Syrian Arab Republic,SYR,,3.544166667,3.163333333,96.01,94.5575,0,0,2.949787642,99,1,3,3,,Syrian Arab Republic,,SYR,,3.544166667,,3.163333333,,96.01,,94.5575,,0,,0,,2.949787642,,99,,1,,3,,3
182,Taiwan Province of China,TWN,,46.4025,14.29916667,52.9175,81.30666667,1,1,4.451893845,26,1,2,2,Taiwan Province of China,,TWN,,46.4025,,14.29916667,,52.9175,,81.30666667,,1,,1,,4.451893845,,26,,1,,2,,2,
183,Tajikistan,TJK,,9.405,4.284166667,89.5575,92.52833333,0,0,2.923995359,80,1,2,1,,Tajikistan,,TJK,,9.405,,4.284166667,,89.5575,,92.52833333,,0,,0,,2.923995359,,80,,1,,2,,1
184,Tanzania United Republic of,TZA,,8.001666667,13.1425,86.01916667,77.24666667,0,0,4.46457078,82,2,2,2,,Tanzania United Republic of,,TZA,,8.001666667,,13.1425,,86.01916667,,77.24666667,,0,,0,,4.46457078,,82,,2,,2,,2
185,Thailand,THA,,25.955,15.75833333,73.84083333,80.09,0,1,3.856731789,80,1,1,1,,Thailand,,THA,,25.955,,15.75833333,,73.84083333,,80.09,,0,,1,,3.856731789,,80,,1,,1,,1
186,Timor-Leste,TLS,,4.9025,9.644166667,94.9725,79.83333333,1,0,3.159485219,102,2,1,1,Timor-Leste,,TLS,,4.9025,,9.644166667,,94.9725,,79.83333333,,1,,0,,3.159485219,,102,,2,,1,,1,
187,Togo,TGO,,6.725833333,5.516666667,89.5275,88.70916667,0,0,2.936586486,95,1,7,5,,Togo,,TGO,,6.725833333,,5.516666667,,89.5275,,88.70916667,,0,,0,,2.936586486,,95,,1,,7,,5
188,Tonga,TON,,13.1975,7.8175,86.68333333,60.34083333,1,0,3.667182608,87,2,1,5,Tonga,,TON,,13.1975,,7.8175,,86.68333333,,60.34083333,,1,,0,,3.667182608,,87,,2,,1,,5,
189,Trinidad and Tobago,TTO,,18.39666667,18.05333333,81.11,73.75833333,1,0,4.184321506,67,1,4,3,Trinidad and Tobago,,TTO,,18.39666667,,18.05333333,,81.11,,73.75833333,,1,,0,,4.184321506,,67,,1,,4,,3,
190,Tunisia,TUN,,6.45,10.5125,93.045,85.42583333,0,0,3.52105087,91,1,2,1,,Tunisia,,TUN,,6.45,,10.5125,,93.045,,85.42583333,,0,,0,,3.52105087,,91,,1,,2,,1
191,Turkey,TUR,,15.49416667,7.6725,84.12666667,86.965,0,1,3.931413723,91,1,3,2,,Turkey,,TUR,,15.49416667,,7.6725,,84.12666667,,86.965,,0,,1,,3.931413723,,91,,1,,3,,2
192,Turkmenistan,TKM,,6.394166667,2.35,93.37,88.87666667,0,0,3.85155931,91,1,2,1,,Turkmenistan,,TKM,,6.394166667,,2.35,,93.37,,88.87666667,,0,,0,,3.85155931,,91,,1,,2,,1
193,Turks and Caicos Islands,TCA,,42.9375,23.6775,56.9,68.31166667,1,0,4.378062391,18,1,1,1,Turks and Caicos Islands,,TCA,,42.9375,,23.6775,,56.9,,68.31166667,,1,,0,,4.378062391,,18,,1,,1,,1,
194,Tuvalu,TUV,,2.266666667,9.786666667,97.625,85.18,1,0,3.667391503,99,2,1,1,Tuvalu,,TUV,,2.266666667,,9.786666667,,97.625,,85.18,,1,,0,,3.667391503,,99,,2,,1,,1,
195,Uganda,UGA,,6.684166667,10.72416667,79.355,79.16666667,0,0,2.927943131,85,2,6,4,,Uganda,,UGA,,6.684166667,,10.72416667,,79.355,,79.16666667,,0,,0,,2.927943131,,85,,2,,6,,4
196,Ukraine,UKR,,18.8425,11.98583333,80.68916667,84.76083333,0,0,3.551264207,66,1,2,2,,Ukraine,,UKR,,18.8425,,11.98583333,,80.68916667,,84.76083333,,0,,0,,3.551264207,,66,,1,,2,,2
197,United Arab Emirates,ARE,,26.64666667,24.3975,73.1125,72.67333333,0,1,4.559733685,83,1,6,3,,United Arab Emirates,,ARE,,26.64666667,,24.3975,,73.1125,,72.67333333,,0,,1,,4.559733685,,83,,1,,6,,3
198,United Kingdom,GBR,,49.65166667,28.6625,50.09916667,66.8175,1,1,4.60979947,7,1,1,1,United Kingdom,,GBR,,49.65166667,,28.6625,,50.09916667,,66.8175,,1,,1,,4.60979947,,7,,1,,1,,1,
199,United States,USA,,59.51166667,27.535,40.29583333,64.54666667,0,1,4.800191719,19,1,4,2,,United States,,USA,,59.51166667,,27.535,,40.29583333,,64.54666667,,0,,1,,4.800191719,,19,,1,,4,,2
200,Uruguay,URY,,14.51083333,12.27833333,85.29916667,77.48583333,0,0,4.188630458,91,1,3,4,,Uruguay,,URY,,14.51083333,,12.27833333,,85.29916667,,77.48583333,,0,,0,,4.188630458,,91,,1,,3,,4
201,Uzbekistan,UZB,,8.766666667,4.499166667,90.5325,92.77666667,0,0,3.236836365,86,1,1,1,,Uzbekistan,,UZB,,8.766666667,,4.499166667,,90.5325,,92.77666667,,0,,0,,3.236836365,,86,,1,,1,,1
202,Vanuatu,VUT,,13.69833333,16.0775,85.295,73.43666667,1,0,3.444673855,88,3,1,4,Vanuatu,,VUT,,13.69833333,,16.0775,,85.295,,73.43666667,,1,,0,,3.444673855,,88,,3,,1,,4,
203,Venezuela Bolivarian Republic of,VEN,,8.653333333,7.190833333,90.11666667,85.46833333,0,0,3.573021067,86,1,3,1,,Venezuela Bolivarian Republic of,,VEN,,8.653333333,,7.190833333,,90.11666667,,85.46833333,,0,,0,,3.573021067,,86,,1,,3,,1
204,Viet Nam,VNM,,36.23916667,11.6375,62.69,85.24666667,0,0,3.445093993,102,1,1,1,,Viet Nam,,VNM,,36.23916667,,11.6375,,62.69,,85.24666667,,0,,0,,3.445093993,,102,,1,,1,,1
205,Virgin Islands British,VGB,,31.865,26.425,67.90666667,70.1075,1,0,4.693359253,88,1,4,1,Virgin Islands British,,VGB,,31.865,,26.425,,67.90666667,,70.1075,,1,,0,,4.693359253,,88,,1,,4,,1,
206,Virgin Islands U.S,VIR,,50.36666667,26.48083333,49.34083333,69.31,1,0,4.597181296,3,1,4,1,Virgin Islands U.S,,VIR,,50.36666667,,26.48083333,,49.34083333,,69.31,,1,,0,,4.597181296,,3,,1,,4,,1,
207,Yemen,YEM,,2.76,1.841666667,96.21,71.53416667,0,0,2.972380013,98,1,1,2,,Yemen,,YEM,,2.76,,1.841666667,,96.21,,71.53416667,,0,,0,,2.972380013,,98,,1,,1,,2
208,Zambia,ZMB,,6.376666667,8.035,88.29083333,74.57583333,0,0,2.993935399,94,1,5,2,,Zambia,,ZMB,,6.376666667,,8.035,,88.29083333,,74.57583333,,0,,0,,2.993935399,,94,,1,,5,,2
209,Zimbabwe,ZWE,,10.78416667,11.63916667,84.95666667,78.69083333,0,0,3.166384241,94,1,1,4,,Zimbabwe,,ZWE,,10.78416667,,11.63916667,,84.95666667,,78.69083333,,0,,0,,3.166384241,,94,,1,,1,,4