,sortname,Android,iOS,country,year,code,gdp,population,LandArea,ChildPercentage,GovEduc,WorkingPercentage,EduDuration,percapita,percapita_log,population_log,density,ios,index,cs,island,LangCount,EthnicCount,ReliCount,NonReli,Unnamed: 7,OSX,share_square
11,Afghanistan2020,90.645,8.955833333333333,Afghanistan,2020,AFG,20116137325.8206,38928341.0,652230.0,41.8226014534499,10.2538604736328,55.5283288943229,9.0,516.7478708075589,2.7141183215714206,7.590265907042466,0.00721615927877015,0.0899172530350315,0,Afghanistan,0,2,4,2,0.0,Afghanistan,5.321666666666666,86
25,Albania2020,63.78333333333333,35.714166666666664,Albania,2020,ALB,15131866270.5936,2837849.0,27400.0,17.2358578454283,12.0699996948242,68.0595608376824,9.0,5332.160474568449,3.726984651781699,6.45298943626102,0.004173086404174722,0.3589453671365277,1,Albania,0,1,2,3,0.0,Albania,7.129166666666666,96
39,Algeria2020,95.80416666666667,3.855833333333333,Algeria,2020,DZA,145009181490.62,43851043.0,2381741.0,30.7835156672667,16.5491905212402,62.4735570719822,10.0,3306.858208381041,3.5195468852101714,7.641979937452157,0.022970118592214067,0.038689878921667,2,Algeria,0,1,3,1,0.0,Algeria,4.585,96
53,American Samoa2020,66.28333333333333,33.586666666666666,American Samoa,2020,ASM,709000000.0,55197.0,200.0,,,,,12844.900990995888,4.108764570392557,4.7419233421368165,0.0015707722130990254,0.33630386168685955,3,American Samoa,1,2,1,5,0.0,American-Samoa,26.96166666666667,103
67,Andorra2020,66.55916666666667,33.18333333333333,Andorra,2020,AND,2891001149.3611,77265.0,470.0,,,,10.0,37416.697720327444,4.57307706220949,4.887988429743501,0.002633793962489376,0.3326900101093649,4,Andorra,0,1,4,2,0.0,Andorra,36.854166666666664,103
81,Angola2020,83.98333333333333,13.925833333333337,Angola,2020,AGO,53619071176.139,32866268.0,1246700.0,46.3953623946154,6.46722650527954,51.4131751845783,6.0,1631.431690879506,3.2128350172703715,7.5167504054908045,0.016169114581372955,0.14223217097479812,5,Angola,0,1,5,3,0.0,Angola,12.846666666666666,90
95,Antigua and Barbuda2020,78.0,21.419166666666666,Antigua and Barbuda,2020,ATG,1370281481.48148,97928.0,440.0,21.8505243594849,8.94178009033203,68.8172043010753,11.0,13992.744480449717,4.14593393962444,4.990911319739421,0.0019469565561592527,0.21544303160859324,6,Antigua and Barbuda,1,1,1,7,0.0,Antigua-and-Barbuda,20.7325,71
109,Argentina2020,91.90083333333332,7.719166666666666,Argentina,2020,ARG,389591035520.675,45376763.0,2736690.0,24.4353111421435,,64.1981770242501,14.0,8585.694742497939,3.933826023978826,7.656833521362628,0.025433014618846776,0.07748611389948472,7,Argentina,0,1,2,3,0.0,Argentina,8.918333333333335,88
123,Armenia2020,73.51083333333334,26.0625,Armenia,2020,ARM,12641209802.112,2963234.0,28470.0,20.832344833009,8.82777976989746,67.3647756866379,12.0,4266.018074209462,3.6301244824451593,6.471766094664738,0.004152674001116432,0.2617417648634172,8,Armenia,1,1,1,1,0.0,Armenia,5.375,83
137,Aruba2020,73.82833333333333,25.89,Aruba,2020,ABW,2496648044.69274,106766.0,180.0,17.3819380701722,,68.012288556282,13.0,23384.298790745554,4.368942923200822,5.028437039841143,0.000731573568426079,0.2596312948137253,9,Aruba,1,2,4,1,0.0,Aruba,20.345833333333335,80
151,Australia2020,46.28,53.365833333333335,Australia,2020,AUS,1327836171068.51,25693267.0,7692020.0,19.2924250165216,,64.4945169162338,10.0,51680.31652294393,4.713333568287479,7.409819346932841,0.11373578401224042,0.5355550909471043,10,Australia,1,1,1,2,29.6,Australia,31.765833333333333,7
165,Austria2020,67.65166666666667,31.73583333333333,Austria,2020,AUT,433258467676.515,8916864.0,82520.0,14.4121767658946,,66.3838195913616,13.0,48588.659384792125,4.686543854654204,6.950212191538255,0.004000640544069969,0.31931413239424805,11,Austria,0,1,1,2,0.0,Austria,20.55,88
179,Azerbaijan2020,85.47166666666668,13.740833333333333,Azerbaijan,2020,AZE,42693000000.0,10093121.0,82646.0,23.5152912312311,10.5025300979614,69.7430866430283,10.0,4229.910649045028,3.6264338537320406,7.004025522793177,0.0035416743798581053,0.1384990130611902,12,Azerbaijan,0,1,1,1,0.0,Azerbaijan,9.010833333333332,88
193,Bahamas2020,68.86666666666666,31.0125,Bahamas,2020,BHS,,,,,,,,,,,,0.3105001877268366,13,Bahamas,1,1,1,5,0.0,The-Bahamas,23.92833333333333,91
207,Bahrain2020,72.39,27.449166666666667,Bahrain,2020,BHR,34723357446.8085,1701583.0,785.0,18.2823560524808,,79.0664531390036,9.0,20406.50232566293,4.30978985466417,6.230853393241417,0.00020030909630472426,0.27493385194521186,14,Bahrain,1,1,3,2,0.0,Bahrain,28.829166666666666,83
221,Bangladesh2020,95.7525,2.7625,Bangladesh,2020,BGD,373902134700.41,164689383.0,130170.0,26.7545413051915,11.8447504043579,68.0184550815883,5.0,2270.347534791663,3.356283589919757,8.216665605127169,0.00034312948435555947,0.028041415012942193,15,Bangladesh,0,1,1,2,0.0,Bangladesh,2.6075,97
235,Barbados2020,76.51916666666666,22.95,Barbados,2020,BRB,4689534961.75956,287371.0,430.0,16.7603305785124,11.4934902191162,66.5374510656807,11.0,16318.74810527005,4.212713451149736,5.458444450513973,0.0006493593638420553,0.23072476395532954,16,Barbados,1,1,1,3,0.0,Barbados,21.397499999999997,90
249,Belarus2020,84.96833333333333,14.525,Belarus,2020,BLR,61489588894.8211,9379952.0,202980.0,17.2403567959313,12.7811498641968,67.1794476704839,9.0,6555.426818263153,3.8166672180501973,6.972200662271198,0.009297790456626402,0.14598968105065666,17,Belarus,0,2,1,2,41.1,Belarus,11.347499999999998,90
263,Belgium2020,63.962500000000006,35.68333333333333,Belgium,2020,BEL,521676942134.632,11544241.0,30280.0,17.033970820276,,63.711796319863,12.0,45189.366900312634,4.6550458673797594,7.062365422222914,0.0011376426152711885,0.35810160986828343,18,Belgium,0,3,1,1,31.0,Belgium,23.319999999999997,96
277,Belize2020,78.51666666666667,21.0325,Belize,2020,BLZ,1585631670.3461,397621.0,22810.0,29.1994024565674,21.5209808349609,65.7921474342853,8.0,3987.796596120678,3.6008418905503325,5.599470405439253,0.024225417536470027,0.21127750943838472,19,Belize,0,2,4,5,15.6,Belize,14.731666666666667,71
291,Benin2020,86.80583333333334,6.968333333333334,Benin,2020,BEN,15651545331.5404,12123198.0,112760.0,41.9445773393164,,54.776956579121,6.0,1291.0409721544102,3.111276285871476,7.083617234081932,0.004020779338249985,0.07430973349092233,20,Benin,0,1,5,6,5.8,Benin,10.470833333333333,92
305,Bermuda2020,45.564166666666665,54.0225,Bermuda,2020,BMU,6881662000.0,63893.0,54.0,,,,13.0,107706.039785266,5.032244089927304,4.805460077419189,0.00036689460916102386,0.5424671977507028,21,Bermuda,1,2,3,6,17.8,Bermuda,30.36916666666667,27
319,Bhutan2020,87.61333333333334,12.233333333333334,Bhutan,2020,BTN,2315436303.29988,771612.0,38140.0,24.8945060186001,15.7853403091431,68.9007890016693,,3000.777985956517,3.47737856830714,5.887399535950468,0.02095305623367692,0.12252119917206383,22,Bhutan,0,1,3,2,0.0,Bhutan,9.0375,87
333,"Bolivia, Plurinational State of2020",94.4925,5.065833333333333,"Bolivia, Plurinational State of",2020,BOL,,,,,,,,,,,,0.050883066878714314,23,"Bolivia, Plurinational State of",0,1,3,4,5.5,Bolivia,13.520000000000001,103
347,Bosnia and Herzegovina2020,91.33416666666666,8.479166666666666,Bosnia and Herzegovina,2020,BIH,19955120004.6604,3280815.0,51200.0,14.5224713707157,,67.5617582073257,9.0,6082.36673041924,3.7841439983134295,6.515981874267348,0.0067252059441551375,0.08495024044883782,24,Bosnia and Herzegovina,0,3,3,3,0.0,Bosnia-and-Herzegovina,5.12,87
361,Botswana2020,88.53500000000001,10.7125,Botswana,2020,BWA,14930072799.0084,2351625.0,566730.0,33.4037243151231,,62.0840805110675,,6348.832317656259,3.802762256870223,6.371368253181489,0.09377005152986154,0.10793722763797575,25,Botswana,0,2,2,1,11.1,Botswana,12.534166666666666,82
375,Brazil2020,86.21666666666665,13.525,Brazil,2020,BRA,1448565936739.56,212559409.0,8358140.0,20.7091991600636,,69.6985262243169,14.0,6814.8756319677195,3.8335216573392015,8.327480335935059,0.016749882346874457,0.13560030077700727,26,Brazil,0,1,3,2,0.0,Brazil,8.805,87
389,Brunei Darussalam2020,75.09083333333332,24.221666666666668,Brunei Darussalam,2020,BRN,12005825769.5087,437483.0,5270.0,22.3240429826346,,72.1058610813319,9.0,27442.953827940055,4.4384466799923805,5.640962174298274,0.005200330971232982,0.24389343402559266,27,Brunei Darussalam,1,2,2,3,0.0,Brunei,20.99,87
403,Bulgaria2020,86.48916666666666,13.104166666666666,Bulgaria,2020,BGR,69889347433.4324,6934015.0,108560.0,14.679471450087,,63.8526029924681,11.0,10079.203381220317,4.003469294654213,6.840984839440899,0.006746703899103944,0.13157674543142112,28,Bulgaria,0,1,3,2,0.0,Bulgaria,4.9025,87
417,Burkina Faso2020,87.99833333333333,5.565833333333334,Burkina Faso,2020,BFA,17933606353.1775,20903278.0,273600.0,44.3703002874239,,53.218670588094,10.0,857.9327296502253,2.9339591518571835,7.320214417207137,0.005647538221166468,0.05948680495560089,29,Burkina Faso,0,1,3,4,0.0,Burkina-Faso,12.916666666666666,94
431,Burundi2020,79.58166666666666,4.480833333333334,Burundi,2020,BDI,2780510624.64184,11890781.0,25680.0,45.2519194697339,20.7419528961182,52.3679431061905,,233.83751030666866,2.370767467439713,7.07521041703392,0.0009369154663706864,0.053303593556381666,30,Burundi,0,3,2,3,0.0,Burundi,10.907499999999999,87
445,Cambodia2020,59.080000000000005,40.4175,Cambodia,2020,KHM,25872798012.1938,16718971.0,176520.0,30.9249525912639,,64.2221991612519,,1547.5113876442397,3.1899144034757376,7.223209570444343,0.004561272861549498,0.40621623658885897,31,Cambodia,0,1,1,1,0.0,Cambodia,15.461666666666666,23
459,Cameroon2020,87.95,6.381666666666667,Cameroon,2020,CMR,40804449726.0184,26545864.0,472710.0,42.063932899827,14.3899059295654,55.2199112908855,6.0,1537.1302183277367,3.1869931044557984,7.4239968814423385,0.007665558794285497,0.0676513719323663,32,Cameroon,0,2,5,4,8.8,Cameroon,6.925833333333333,93
473,Canada2020,48.6525,50.98083333333333,Canada,2020,CAN,1645423407568.36,38037204.0,8965590.0,15.775252255078,,66.1203862397467,10.0,43258.26387156007,4.636079124921855,7.580208597180381,0.09191508882651135,0.5116845098695216,33,Canada,0,2,4,3,6.5,Canada,25.870833333333334,2
487,Cape Verde2020,87.71166666666666,11.778333333333334,Cape Verde,2020,CPV,,,,,,,,,,,,0.11838710758200155,34,Cape Verde,1,2,1,1,10.8,Cabo-Verde,19.12,80
501,Cayman Islands2020,48.42250000000001,51.26833333333334,Cayman Islands,2020,CYM,5608989195.5292,65720.0,240.0,,,,12.0,85346.76195266585,4.931192137233398,4.817704162967191,0.0015830922094570608,0.5142732949368464,35,Cayman Islands,1,1,2,1,0.0,,30.034166666666664,3
515,Central African Republic2020,89.50083333333333,4.745833333333334,Central African Republic,2020,CAF,2326720920.59223,4829764.0,622980.0,43.541727789353,9.78244304656982,53.660145510125,10.0,481.746296629034,2.6837189507896113,6.6839259999676335,0.052689198496537165,0.050355450236966824,36,Central African Republic,0,2,5,4,0.0,Central-African-Republic,3.3366666666666664,93
529,Chad2020,89.7575,7.704166666666667,Chad,2020,TCD,10715396135.4168,16425859.0,1259200.0,46.4902972531612,11.6715097427368,51.0111248942521,10.0,652.3492095857391,2.815145370032282,7.215528116951871,0.032078422512296964,0.07904817278588164,37,Chad,0,2,4,3,0.0,Chad,9.0825,94
543,Chile2020,85.3775,14.268333333333333,Chile,2020,CHL,252727193710.018,19116209.0,743532.0,19.2387284481891,,68.5186141325884,12.0,13220.570758041933,4.121283053563125,7.281401792791435,0.016571810289786132,0.14319046623458082,38,Chile,0,1,2,3,0.0,Chile,24.16333333333333,91
557,China2020,80.50083333333333,18.5425,China,2020,CHN,14687673892882.0,1411100000.0,9424702.9,17.7118153851715,10.5299997329712,70.3199134118938,9.0,10408.66975613493,4.017436951857963,9.149557792169349,0.002890998636568712,0.18721603338605997,39,China,0,1,2,3,52.2,China,7.6933333333333325,66
571,Colombia2020,88.78833333333334,10.5625,Colombia,2020,COL,270299982887.01,50882884.0,1109500.0,22.1835705050643,14.7466297149658,68.7558672717712,12.0,5312.198555549839,3.725356045905668,7.706571727327062,0.009368012746474086,0.10631516259719344,40,Colombia,0,1,3,3,8.0,Colombia,17.9225,82
585,Comoros2020,93.65416666666664,5.681666666666668,Comoros,2020,COM,1223876064.52345,869595.0,1861.0,39.0198493331999,,57.8743584701489,6.0,1407.409270434455,3.1487288750216047,5.939317533398934,0.0009284304005220428,0.05719654706676849,41,Comoros,1,3,1,1,0.0,Comoros,8.078333333333333,88
613,Congo2020,76.595,7.416666666666667,Congo,2020,COG,,,,,,,,,,,,0.08828138948955502,42,"Congo, the Democratic Republic of the",0,1,6,5,0.0,Democratic-Republic-of-the-Congo,9.028333333333334,75
599,"Congo, the Democratic Republic of the2020",88.8275,8.308333333333334,"Congo, the Democratic Republic of the",2020,COD,,,,,,,,,,,,0.08553314516613333,43,Congo,0,1,5,3,11.3,Republic-of-the-Congo,14.005833333333333,80
627,Costa Rica2020,80.865,18.85833333333333,Costa Rica,2020,CRI,62158002233.0279,5094114.0,51060.0,20.8280216516382,21.5394802093506,68.9188785968444,13.0,12201.926033266609,4.086463978849923,6.707068744966362,0.004331406648076192,0.18910652806096867,44,Costa Rica,0,1,2,3,10.0,Costa-Rica,31.25916666666667,66
641,Côte d'Ivoire2020,81.6375,15.034166666666666,Côte d'Ivoire,2020,CIV,,,,,,,,,,,,0.15551781804389428,45,Côte d'Ivoire,0,1,5,3,19.2,Cote-dIvoire,17.829166666666666,94
655,Croatia2020,88.13916666666667,11.523333333333332,Croatia,2020,HRV,57203783203.0259,4047680.0,55960.0,14.5415633136651,,64.2062014480422,8.0,14132.486560949952,4.15024931028446,6.607206278189749,0.005963083530505474,0.115623562857979,46,Croatia,0,2,1,1,0.0,Croatia,7.9975,83
669,Cuba2020,88.55833333333334,11.2475,Cuba,2020,CUB,107352000000.0,11326616.0,103800.0,15.920721599461,,68.1858641627826,9.0,9477.852873267708,3.976755782385104,7.054100215457282,0.003961859336541205,0.1126938138218374,47,Cuba,1,1,3,2,23.0,Cuba,2.0158333333333336,83
683,Cyprus2020,77.39999999999999,22.3725,Cyprus,2020,CYP,24692095945.1742,1207361.0,9240.0,16.5771738149134,,69.0140215130711,10.0,20451.294969088944,4.310742047624022,6.08183750293205,0.003311025874061866,0.22423513493197023,48,Cyprus,1,2,2,1,0.0,Cyprus,15.954166666666666,91
697,Czech Republic2020,78.82166666666667,20.7925,Czech Republic,2020,CZE,,,,,,,,,,,,0.20873035127199108,49,Czech Republic,0,1,2,1,89.2,Czech-Republic,10.28,70
711,Denmark2020,44.79916666666667,55.020833333333336,Denmark,2020,DNK,356084867685.639,5831404.0,40000.0,16.2817353400313,,63.554275213468,10.0,61063.31643042379,4.785787499858784,6.7657732048847965,0.00296883396289787,0.5512004942229346,50,Denmark,0,1,1,1,0.0,Denmark,34.16166666666667,27
725,Djibouti2020,89.92166666666667,9.8225,Djibouti,2020,DJI,3181071153.6622,988002.0,23180.0,28.9122469635628,,66.3812753036437,10.0,3219.701127793466,3.5079504253560527,5.994758263293567,0.010071506427489682,0.09847693683005689,51,Djibouti,0,2,3,1,0.0,Djibouti,7.695,80
739,Dominica2020,86.87,12.8725,Dominica,2020,DMA,504214814.814815,71991.0,750.0,,10.6661701202393,,12.0,7003.859021472336,3.8453993991774333,4.857284238807806,0.004501060954119237,0.1290573226057097,52,Dominica,1,1,2,2,6.0,Dominica,12.6225,86
753,Dominican Republic2020,74.91666666666667,24.811666666666667,Dominican Republic,2020,DOM,78844702329.0785,10847904.0,48310.0,27.4393408499886,19.3228797912598,65.0329602660789,15.0,7268.196909659092,3.861486433284204,7.035345873226857,0.001929790938627286,0.24879255310259538,53,Dominican Republic,1,1,3,1,0.0,Dominican-Republic,21.288333333333334,86
767,Ecuador2020,87.3075,11.969166666666666,Ecuador,2020,ECU,99291124000.0,17643060.0,248360.0,27.3919243233059,11.5144195556641,65.0169806202486,15.0,5627.772279865284,3.75041367900335,7.2465739356757215,0.006070899808574846,0.12056374441795654,54,Ecuador,0,1,4,3,6.5,Ecuador,22.314166666666665,80
781,Egypt2020,88.16250000000001,11.589999999999998,Egypt,2020,EGY,,,,,,,,,,,,0.11618756422144805,55,Egypt,0,1,1,2,0.0,Egypt,7.505,83
795,El Salvador2020,89.46916666666668,10.205833333333333,El Salvador,2020,SLV,24638720000.0,6486201.0,20720.0,26.590587254026,13.0928897857666,64.758468164358,15.0,3798.636520823206,3.5797420533139284,6.811990469794752,0.0013851311937119273,0.10239110442270712,56,El Salvador,0,1,2,2,12.0,El-Salvador,15.974166666666667,83
809,Equatorial Guinea2020,86.7,12.495,Equatorial Guinea,2020,GNQ,10099157269.8025,1402985.0,28050.0,36.7792242967672,,60.8393532361358,6.0,7198.335883706882,3.857292435966817,6.147053337348329,0.008597227988916059,0.12596401028277635,57,Equatorial Guinea,0,3,3,1,0.0,Equatorial-Guinea,9.450833333333334,86
823,Eritrea2020,90.99583333333334,5.616666666666667,Eritrea,2020,ERI,,,121040.829,,,,8.0,,,,,0.0581360244964851,58,Eritrea,0,2,2,3,0.0,Eritrea,1.4349999999999998,91
837,Estonia2020,67.855,31.39833333333333,Estonia,2020,EST,30650285471.7215,1329479.0,42750.0,16.4981700445145,,63.1286019592397,9.0,23054.35849059782,4.36277187950611,6.123681808418266,0.013745111496092656,0.31634537882858677,59,Estonia,0,1,2,4,0.0,Estonia,15.145833333333334,88
851,Ethiopia2020,88.26416666666667,5.171666666666667,Ethiopia,2020,ETH,107657734392.446,114963583.0,1128571.265,39.9176363563044,,56.5454698578127,8.0,936.4507575624709,2.9719484643671596,8.060560294506482,0.004242579530413604,0.05534992820384756,60,Ethiopia,0,1,4,3,0.0,Ethiopia,4.680000000000001,93
865,Faroe Islands2020,40.25416666666667,59.58583333333333,Faroe Islands,2020,FRO,3240759988.99453,48865.0,1366.0,,,,9.0,66320.67919767789,4.8216555135774,4.689006790654418,0.011973921084669254,0.596813234508547,61,Faroe Islands,1,2,2,1,4.0,Faroe-Islands-Athlantic-Ocean,27.3175,19
879,Fiji2020,92.7225,7.138333333333333,Fiji,2020,FJI,4574413823.31243,896444.0,18270.0,29.0112611482021,16.3917503356934,65.1713155854514,,5102.843929249825,3.707897385599095,5.9525236492476274,0.008762161372147987,0.07148281358223527,62,Fiji,1,3,2,5,16.4,Fiji-republic-Pacific-Ocean,13.025833333333333,91
893,Finland2020,71.64333333333333,28.011666666666667,Finland,2020,FIN,271836962949.417,5529543.0,303940.0,15.8651222223827,,61.5803902741882,10.0,49160.8371522596,4.691628103876351,6.742689318203569,0.023238696916432423,0.2810864147977188,63,Finland,0,2,3,2,0.0,Finland,16.888333333333332,87
907,France2020,70.62666666666667,29.025,France,2020,FRA,2630317731455.26,67379908.0,547557.0,17.6536558604914,,61.5928887293959,13.0,39037.12263090742,4.5914889239884555,7.828530420108673,0.00351499369868366,0.2912645715910421,64,France,0,1,1,2,25.5,France,23.0925,87
921,French Polynesia2020,71.5475,28.31833333333333,French Polynesia,2020,PYF,5669368717.20724,280904.0,3471.0,22.2232901875347,,68.7082603557036,,20182.58450291644,4.304998297262394,5.448559469543635,0.005333490514956391,0.28356378140672067,65,French Polynesia,1,2,5,5,0.0,French-Polynesia,36.530833333333334,87
935,Gabon2020,90.89083333333332,7.764166666666667,Gabon,2020,GAB,15316824039.3269,2225728.0,257670.0,37.2638868795642,15.0255193710327,59.2072997042773,10.0,6881.714225335217,3.8377597377454347,6.347472284450901,0.04757423770002791,0.07870018414339534,66,Gabon,0,1,4,4,5.6,Gabon,19.517500000000002,89
949,Gambia2020,82.10166666666667,16.580833333333334,Gambia,2020,GMB,,,,,,,,,,,,0.16802202349285167,67,Gambia,0,1,5,1,0.0,The-Gambia,10.050833333333333,70
963,Georgia2020,77.78833333333334,20.979166666666668,Georgia,2020,GEO,15842922532.7202,3722716.0,69490.0,20.2204119306111,11.1701898574829,64.5262782931875,9.0,4255.742993212536,3.6290774298343966,6.57086002251711,0.008032015170654659,0.2124096151736823,68,Georgia,0,1,2,2,0.0,Georgia,6.081666666666667,89
977,Germany2020,69.08083333333333,30.276666666666667,Germany,2020,DEU,3846413928653.71,83160871.0,349390.0,13.9555954528852,,64.3569551788337,13.0,46252.68930448925,4.665146378819498,7.919919034565188,0.0018208116724029012,0.3047245217187094,69,Germany,0,1,1,2,37.7,Germany,17.781666666666666,91
991,Ghana2020,84.66666666666667,12.820833333333333,Ghana,2020,GHA,70043199813.6885,31072945.0,227533.0,37.1311565625911,,59.7284936668368,11.0,2254.1538889760373,3.3531761829557802,7.49238243030328,0.003168553525761668,0.13151258708381414,70,Ghana,0,1,5,5,5.2,Ghana,10.700833333333334,88
1005,Gibraltar2020,49.64833333333333,50.020833333333336,Gibraltar,2020,GIB,,33691.0,10.0,,,,10.0,,,4.527526792019501,0.00012888606513852555,0.5018686822236901,71,Gibraltar,0,1,2,2,7.2,Gibraltar,30.403333333333336,3
1019,Greece2020,84.58583333333333,13.248333333333331,Greece,2020,GRC,188835201625.91,10700556.0,128900.0,13.6559208078554,,64.0596892235232,10.0,17647.23268827433,4.246701221216205,7.029406384762818,0.005200296924005125,0.1354162230304682,72,Greece,0,1,1,1,0.0,Greece,5.640833333333333,89
1033,Greenland2020,56.340833333333336,43.4725,Greenland,2020,GRL,3075968328.69677,56367.0,410450.0,,,,10.0,54570.37501901414,4.736964896712356,4.751032625837167,0.9181217421533465,0.43553800427464595,73,Greenland,1,1,2,2,0.0,,36.17666666666667,19
1047,Grenada2020,85.47500000000001,14.223333333333334,Grenada,2020,GRD,1043411111.11111,112519.0,340.0,23.7764723656497,,66.4308630235596,12.0,9273.199291773923,3.9672764241441887,5.051229723493163,0.0013103340686527636,0.14266370216820742,74,Grenada,1,1,2,2,5.7,Grenada,14.479999999999999,91
1061,Guam2020,50.4075,49.30833333333334,Guam,2020,GUM,5844000000.0,168783.0,540.0,23.860168863872,,65.6056880462154,0.0,34624.34012904143,4.539394048222405,5.227331274984813,0.0013872526345833937,0.4944885048345716,75,Guam,1,2,4,2,16.0,,32.762499999999996,7
1075,Guatemala2020,87.47500000000001,12.308333333333332,Guatemala,2020,GTM,77604632620.6473,16858333.0,107160.0,33.342431565664,21.141170501709,61.6155290192306,16.0,4603.339643406456,3.6631673522767536,7.2268146538974545,0.0027518561851284694,0.12335059295139465,76,Guatemala,0,1,6,2,0.0,Guatemala,22.974999999999998,87
1103,Guinea2020,75.92416666666666,6.198333333333333,Guinea,2020,GIN,14169626010.1229,13132792.0,245720.0,43.0489549254367,14.290060043335,53.9987260899146,6.0,1078.9500062228124,3.0334036512979607,7.118357098937449,0.008050746657575459,0.07547667610378804,77,Guinea-Bissau,0,1,5,3,0.0,Guinea-Bissau,9.548333333333334,73
1089,Guinea-Bissau2020,92.12916666666666,4.195833333333334,Guinea-Bissau,2020,GNB,1431758242.90375,1967998.0,28120.0,41.9272144678788,,55.1870146407446,9.0,727.5201717195597,2.86244158128818,6.294024873417176,0.006161558177422406,0.04355913141275197,78,Guinea,0,1,4,2,0.0,Guinea,14.38,88
1117,Guyana2020,84.91083333333333,14.435833333333331,Guyana,2020,GUY,5471256594.72422,786559.0,196850.0,27.7319236363267,,65.2685391429937,6.0,6955.939217177885,3.84241820894058,5.895731856870341,0.09700287383927002,0.14530767682190307,79,Guyana,0,1,4,6,0.0,Guyana,8.693333333333333,90
1131,Haiti2020,90.11666666666667,9.720833333333331,Haiti,2020,HTI,14508218017.4032,11402533.0,27560.0,32.4738952625242,,62.35143645339,6.0,1272.3679920420489,3.1049539290410766,7.057001375891303,0.0010484262067890489,0.09736655398355659,80,Haiti,1,2,2,3,10.2,Haiti,21.52333333333333,87
1145,Honduras2020,84.25916666666667,15.284166666666666,Honduras,2020,HND,23827840809.7014,9904608.0,111890.0,30.5881798237931,24.2547702789307,64.4386193212916,12.0,2405.73284775141,3.381427885378257,6.995837335756027,0.004878616737141437,0.1535428456618558,81,Honduras,0,1,2,2,0.0,Honduras,18.24416666666667,91
1159,Hong Kong2020,53.30083333333334,45.22416666666667,Hong Kong,2020,HKG,,,,,,,,,,,,0.4590120950689334,82,Hong Kong,0,2,1,3,54.0,,29.560833333333335,24
1173,Hungary2020,79.70083333333334,19.30666666666667,Hungary,2020,HUN,156743134665.959,9750149.0,91260.0,14.4086586501878,,65.4282334047697,13.0,16075.973266250498,4.2062042895931215,6.989011297100709,0.004046028506954922,0.19500206213334006,83,Hungary,0,1,1,2,0.0,Hungary,6.266666666666667,64
1187,Iceland2020,52.553333333333335,47.30166666666667,Iceland,2020,ISL,21718075725.2054,366463.0,100830.0,19.4242812306773,,64.9537133362443,10.0,59264.034091314534,4.772798538558532,5.564031317669467,0.10555914281405115,0.4737035367950195,84,Iceland,1,1,1,1,6.1,Iceland,28.730833333333333,27
1201,India2020,95.23666666666666,3.224166666666666,India,2020,IND,2667687951796.56,1380004385.0,2973190.0,26.1606114389267,16.5401592254639,67.2654998846254,8.0,1933.101068948096,3.286479164958756,9.1398804667002,0.0009346716900364597,0.032745677215136305,85,India,0,23,23,2,0.0,India,6.844166666666666,96
1215,Indonesia2020,92.15666666666668,7.604166666666667,Indonesia,2020,IDN,1058688935454.78,273523621.0,1877519.0,25.9360062932775,19.1528015136719,67.8014803219093,9.0,3870.557619792479,3.587885727185165,8.436994838754458,0.0029708964836520544,0.07622396899250707,86,Indonesia,1,1,2,1,0.0,Indonesia,9.215,91
1229,Iran Islamic Republic of2020,89.89083333333333,9.830833333333333,Iran Islamic Republic of,2020,IRN,,,,,,,,,,,,0.09858272190931425,87,Iran Islamic Republic of,0,3,1,1,0.0,Iran,2.308333333333333,80
1243,Iraq2020,81.93416666666667,17.921666666666667,Iraq,2020,IRQ,184369797315.436,40222503.0,434128.0,37.7137463856355,,58.8435231998176,6.0,4583.7474936712915,3.661315421767221,7.604469103543974,0.004662295359352695,0.17947541038330259,88,Iraq,0,2,3,1,0.0,Iraq,8.800833333333333,64
1257,Ireland2020,58.071666666666665,41.65083333333333,Ireland,2020,IRL,425888950992.003,4985674.0,68890.0,20.8322717914466,,64.5897776857887,10.0,85422.54286822664,4.931577579455748,6.697723964840251,0.005959822143703178,0.4176673602580494,89,Ireland,1,2,2,2,0.0,Ireland,24.403333333333336,23
1271,Isle of Man2020,42.40333333333333,56.54166666666666,Isle of Man,2020,IMN,,85032.0,570.0,,,,,,,4.929587501438802,0.002901517581165539,0.5714454158033924,90,Isle of Man,1,2,1,3,41.0,,26.416666666666668,22
1285,Israel2020,77.12166666666667,22.72,Israel,2020,ISR,407100736594.064,9215100.0,21640.0,27.8284704527219,,59.7571842757265,15.0,44177.57122484444,4.645211666284177,6.964500099566194,0.001018666636734448,0.22756030381437273,91,Israel,0,2,2,2,0.0,Israel,12.843333333333334,91
1299,Italy2020,74.5125,25.14333333333333,Italy,2020,ITA,1892574064222.11,59449527.0,295717.0,12.9872905260916,,63.710816474514,12.0,31834.972618404685,4.5029181225005885,7.774148410883908,0.0021549355517294687,0.2523016715863764,92,Italy,0,1,1,2,14.0,Italy,25.345,87
1313,Jamaica2020,77.5425,22.204166666666666,Jamaica,2020,JAM,13812425036.5864,2961161.0,10830.0,23.3581557541334,,67.5640718676117,6.0,4664.530242221344,3.6689010088937635,6.471462167531654,0.001585469060193883,0.22260560085550057,93,Jamaica,1,1,2,5,21.3,Jamaica,16.324166666666667,91
1327,Japan2020,36.28916666666667,63.53666666666667,Japan,2020,JPN,5040107754084.11,126261000.0,364500.0,12.4485567318333,,59.1541701977256,9.0,39918.16755834431,4.601181476288003,8.101269228101213,0.001251948587825391,0.6364751942967335,94,Japan,1,1,1,2,63.0,Japan,21.9825,27
1341,Jordan2020,84.79833333333333,15.075,Jordan,2020,JOR,43697659295.7747,10203140.0,88794.0,32.8538466710326,,63.192456357037,10.0,4282.7658246162155,3.631825721763761,7.008733888328248,0.0037631467449481624,0.15094119217675722,95,Jordan,0,1,4,1,0.0,Jordan,15.06,91
1355,Kazakhstan2020,79.03416666666666,20.648333333333333,Kazakhstan,2020,KAZ,171082379532.988,18755666.0,2699700.0,29.144173150276,,62.9530247236643,9.0,9121.637137971427,3.9601204007093727,7.2731325133957565,0.058403437177579544,0.20714100602747054,96,Kazakhstan,0,2,2,2,0.0,Kazakhstan,7.604166666666667,71
1369,Kenya2020,88.3175,4.558333333333334,Kenya,2020,KEN,100666542665.72,53771300.0,569140.0,38.589603642806,,58.9012100433659,12.0,1872.1240264921994,3.272566534576446,7.730550544386467,0.004572614312374757,0.04907986469390136,97,Kenya,0,2,8,4,0.0,Kenya,10.936666666666667,92
1383,Kiribati2020,90.5275,9.384166666666667,Kiribati,2020,KIR,180911843.644622,119446.0,810.0,35.9165836465772,20.1776103973389,59.868228281526,9.0,1514.5910590946703,3.1805820345830944,5.077175246594837,0.002935143380806074,0.09392463342619313,98,Kiribati,1,2,2,3,0.0,Kiribati,13.959166666666667,87
1397,Korea Democratic People's Republic of2020,82.16,17.84,Korea Democratic People's Republic of,2020,PRK,,,,,,,,,,,,0.1784,99,Korea Democratic People's Republic of,0,1,1,3,0.0,North-Korea,4.480833333333334,71
1411,Korea Republic of2020,75.90333333333334,23.979166666666668,Korea Republic of,2020,KOR,,,,,,,,,,,,0.24007375332682568,100,Korea Republic of,0,1,1,3,56.0,,7.809166666666667,88
1425,Kuwait2020,63.36166666666667,36.406666666666666,Kuwait,2020,KWT,105960225688.145,4270563.0,17820.0,21.4622119618196,11.912670135498,75.5019879074719,9.0,24811.76971002301,4.394675244830136,6.630485234723552,0.001808432685570605,0.36491204624045703,101,Kuwait,0,1,3,2,6.0,Kuwait,28.346666666666668,103
1439,Lao People's Democratic Republic2020,77.29583333333333,21.825,Lao People's Democratic Republic,2020,LAO,,,,,,,,,,,,0.22018580015973768,102,Lao People's Democratic Republic,0,1,3,3,0.0,Laos,10.8175,88
1453,Latvia2020,74.51583333333333,25.13833333333333,Latvia,2020,LVA,33645460617.239,1900449.0,62230.0,16.4321030984022,,62.8805141347833,11.0,17703.95344323315,4.2480947890792455,6.278856447993453,0.01399305622209444,0.2522557176903457,103,Latvia,0,1,2,4,26.0,Latvia,13.000833333333333,87
1467,Lebanon2020,80.68083333333333,19.169166666666666,Lebanon,2020,LBN,25948915861.1985,6825442.0,10230.0,25.0687977120906,9.89828968048096,67.3821560352475,10.0,3801.7927426822325,3.58010265642335,6.834130844168736,0.0006504350055682008,0.19197963612084795,104,Lebanon,0,1,4,6,0.0,Lebanon,21.605,67
1481,Lesotho2020,94.66583333333334,3.17,Lesotho,2020,LSO,2250717718.46577,2142252.0,30360.0,32.2380358212327,13.7912197113037,62.8131463709401,7.0,1050.6316336573707,3.021863641447456,6.330870759686995,0.006111616989384895,0.03240121632326261,105,Lesotho,0,2,1,4,0.0,Lesotho,3.6116666666666664,97
1495,Liberia2020,87.99666666666667,6.531666666666666,Liberia,2020,LBR,3039982540.0,5057677.0,96320.0,40.372218018495,,56.3093046002704,6.0,601.0630058028617,2.779641942488207,6.703951176278717,0.008193071013722679,0.06909744873671032,106,Liberia,0,1,7,2,0.0,Liberia,5.571666666666666,93
1509,Libya2020,90.28166666666668,9.3475,Libya,2020,LBY,52320215472.0934,6871287.0,1759540.0,27.7847746828399,,67.6894097936749,9.0,7614.325449088853,3.881688468108465,6.8370381517412495,0.09901432297526223,0.09382292668646229,107,Libya,0,1,4,1,0.0,Libya,6.0225,87
1523,Liechtenstein2020,48.19166666666666,51.45,Liechtenstein,2020,LIE,,38137.0,160.0,,,,9.0,,,4.581357914411657,0.0018182279771043544,0.5163502550807059,108,Liechtenstein,0,1,3,2,0.0,Liechtenstein,28.381666666666664,3
1537,Lithuania2020,76.41916666666667,23.175,Lithuania,2020,LTU,56546957475.4912,2794885.0,62620.0,15.4779305209697,,63.9040895364159,11.0,20232.302035858793,4.306066764576468,6.446364098240102,0.009623056135912668,0.2326943512421243,109,Lithuania,0,1,1,1,16.2,Lithuania,11.704166666666666,91
1551,Luxembourg2020,57.38916666666666,41.92916666666667,Luxembourg,2020,LUX,73353132793.7076,630419.0,2574.46,15.5575755058485,,70.0516631574912,12.0,116356.15803728567,5.065793105289035,5.799629982641171,0.0017699292270497594,0.4221694551190616,110,Luxembourg,0,3,3,1,26.8,Luxembourg,31.393333333333334,16
1565,Macao2020,35.57,63.275,Macao,2020,MAC,,,,,,,,,,,,0.640143659264505,111,Macao,1,2,1,3,15.4,,30.234166666666667,24
1579,Macedonia North2020,84.535,15.186666666666667,Macedonia North,2020,MKD,,,,,,,,,,,,0.1522905420085906,112,Macedonia North,0,5,1,2,0.0,North-Macedonia,4.921666666666667,91
1593,Madagascar2020,79.49083333333333,8.171666666666667,Madagascar,2020,MDG,13225591803.6232,27691019.0,581800.0,40.0625394125994,15.3369636535645,56.8367656255902,5.0,477.61304138439976,2.6799845282183212,7.442338953297501,0.009030175265698756,0.09321735823946006,113,Madagascar,1,2,6,3,0.0,Madagascar,8.94,91
1607,Malawi2020,88.97000000000001,5.868333333333333,Malawi,2020,MWI,12172128469.5737,19129955.0,94280.0,42.9920576904741,11.4976501464844,54.3663988283922,8.0,636.2863095900487,2.8043345889123783,7.281713971126137,0.0021351182869024615,0.061877229671546304,114,Malawi,0,1,5,5,0.0,Malawi,8.050833333333333,93
1621,Malaysia2020,78.47833333333334,20.51,Malaysia,2020,MYS,337006023789.699,32365998.0,328550.0,23.4481191203151,15.4426202774048,69.3681971627077,6.0,10412.347667749933,4.017590368310864,7.510089016374547,0.004386334691000346,0.20719613422457192,115,Malaysia,1,4,3,4,0.0,Malaysia,13.7175,70
1635,Maldives2020,72.02916666666667,27.86916666666667,Maldives,2020,MDV,3742769967.42798,540542.0,300.0,19.5996995619228,10.5050401687622,76.806883435946,7.0,6924.105744656253,3.8404264093567133,5.732830247632384,0.0002409659249877036,0.2789752915464055,116,Maldives,1,1,1,1,0.0,Maldives,12.6875,83
1649,Mali2020,88.69833333333334,8.34,Mali,2020,MLI,17465392779.0366,20250834.0,1220190.0,47.0073008848574,14.4661207199097,50.5155466938076,9.0,862.4530120110904,2.936238708806153,7.306442935126787,0.02540984370093459,0.08594541675969977,117,Mali,0,1,6,1,0.0,Mali,19.8075,80
1663,Malta2020,73.40333333333334,26.23333333333333,Malta,2020,MLT,14917038504.285,515332.0,320.0,14.3739114876694,,64.3022310397855,11.0,28946.462677041207,4.46161050265231,5.712087953947623,0.00026959533546952073,0.2632899534977083,118,Malta,1,2,1,2,0.0,Malta,21.45,83
1677,Marshall Islands2020,68.865,30.9225,Marshall Islands,2020,MHL,244462400.0,59194.0,180.0,,16.1667194366455,,13.0,4129.850998412001,3.61603953006869,4.772285024896647,0.0013186199783613542,0.30988350244269075,119,Marshall Islands,1,2,1,4,54.5,Marshall-Islands,19.465833333333332,90
1691,Mauritania2020,89.51083333333334,10.07,Mauritania,2020,MRT,7915985513.70246,4649660.0,1030700.0,39.6850908174322,9.72708988189697,57.1370410468899,9.0,1702.4869589824762,3.231338813182072,6.6674212902671055,0.08695466368173843,0.10112387758688501,120,Mauritania,0,1,3,1,0.0,Mauritania,8.101666666666667,83
1705,Mauritius2020,89.75999999999999,9.745,Mauritius,2020,MUS,10926820603.402,1265740.0,2030.0,16.7847437582955,16.1178798675537,70.6951267841304,11.0,8632.752858724542,3.9361996128136054,6.102344848036573,0.0006959656657641454,0.09793477714687704,121,Mauritius,1,3,1,4,0.0,Mauritius,19.365,80
1719,Mexico2020,84.30833333333334,15.375,Mexico,2020,MEX,1087117783073.31,128932753.0,1943950.0,25.8352654581106,,66.5466307075596,14.0,8431.665017447584,3.9259648485823404,8.110363259280998,0.006499089958163363,0.1542384216686173,122,Mexico,0,1,2,2,0.0,Mexico,25.141666666666666,91
1733,Micronesia Federated States of2020,82.91833333333334,17.0075,Micronesia Federated States of,2020,FSM,,,,,,,,,,,,0.17020123258083078,123,Micronesia Federated States of,1,1,5,2,0.0,Micronesia-republic-Pacific-Ocean,13.406666666666666,71
1747,Moldova Republic of2020,84.58833333333332,14.88,Moldova Republic of,2020,MDA,,,,,,,,,,,,0.14959534860340815,124,Moldova Republic of,0,4,3,2,0.0,Moldova,9.97,90
1761,Monaco2020,34.862500000000004,64.35833333333333,Monaco,2020,MCO,6816219303.25528,39244.0,2.027,,,,11.0,173688.1893602915,5.239772788238235,4.593784333419319,2.2431255247571732e-05,0.6486372989543527,125,Monaco,0,1,4,2,11.7,Monaco,33.916666666666664,102
1775,Mongolia2020,72.96333333333332,26.72833333333333,Mongolia,2020,MNG,13312981594.573,3278292.0,1557506.803,31.0929478478109,16.4238300323486,64.5947429910106,12.0,4060.9505177003757,3.6087346285664315,6.515647766378034,0.16882058951799475,0.26811000585137507,126,Mongolia,0,1,1,1,38.9,Mongolia,7.338333333333334,82
1789,Montenegro2020,85.3125,14.481666666666667,Montenegro,2020,MNE,4780722121.96227,621306.0,13450.0,18.0449188461085,,66.1855601162935,9.0,7694.633758505905,3.886244391092557,5.793306246650694,0.009301267063779858,0.14511536245438528,127,Montenegro,0,2,3,2,5.4,Montenegro,5.5874999999999995,91
1803,Morocco2020,81.4375,18.11083333333333,Morocco,2020,MAR,114725065285.149,36910558.0,446300.0,26.7679926828528,14.8181505203247,65.6253630397371,9.0,3108.191029925611,3.4926474060875377,7.567150622512835,0.005219730830483415,0.18193005072912652,128,Morocco,0,3,4,1,0.0,Morocco,14.650833333333333,67
1817,Mozambique2020,88.02083333333333,7.4025,Mozambique,2020,MOZ,14028811071.7628,31255435.0,786380.0,44.0627877999458,17.9349308013916,53.0753867287401,,448.8438913668231,2.6530618273745206,7.494925561503849,0.010791560994346725,0.07757536591329864,129,Mozambique,0,1,1,4,13.9,Mozambique,10.06,95
1831,Myanmar2020,89.28000000000002,10.555833333333334,Myanmar,2020,MMR,78930257227.0908,54409794.0,652670.0,25.4855945068719,,68.2783175089782,5.0,1450.6626734718166,3.1618657099800194,7.735677089615948,0.005178560179182396,0.10573190988539517,130,Myanmar,0,1,3,2,0.0,Myanmar,13.78,83
1845,Namibia2020,88.00666666666666,11.313333333333333,Namibia,2020,NAM,10562637375.594,2540916.0,823290.0,36.8412435726641,24.9413795471191,59.5729080780273,7.0,4157.019506191468,3.6188865223719406,6.404990478891091,0.12189227306842688,0.11390790710162438,131,Namibia,0,1,3,5,0.0,Namibia,12.375833333333333,83
1859,Nauru2020,94.72833333333334,5.189166666666667,Nauru,2020,NRU,114626625.553023,10834.0,20.0,,,,14.0,10580.26818839053,4.024537721972642,4.034828915655837,0.0008009859922734713,0.05193451263959433,132,Nauru,1,2,1,3,6.6,Nauru,10.579166666666667,103
1873,Nepal2020,92.58916666666666,7.2075,Nepal,2020,NPL,33433670511.9364,29136808.0,143350.0,28.8097138162835,13.1899995803833,65.3621391883421,9.0,1147.4719712583617,3.060120400596464,7.464441987050453,0.0021314437639002493,0.07222185109723105,133,Nepal,0,1,6,2,0.0,Nepal,4.941666666666666,91
1887,Netherlands2020,60.63833333333333,38.88583333333333,Netherlands,2020,NLD,913865395789.886,17441500.0,33670.0,15.7016579989626,,64.2635206145689,13.0,52396.03220995247,4.719306689057349,7.241583857200138,0.0008375769933426864,0.3907174974252485,134,Netherlands,0,1,1,4,51.0,Netherlands,24.331666666666667,26
1901,New Caledonia2020,71.94333333333334,27.444166666666664,New Caledonia,2020,NCL,9435529927.2471,271960.0,18280.0,22.1080357830878,,68.1938227238019,0.0,34694.55040170283,4.540273781422103,5.434506629404866,0.02825223287792779,0.2761329811763719,135,New Caledonia,1,2,4,3,5.8,,28.974166666666665,80
1915,New Zealand2020,58.23083333333333,41.41833333333333,New Zealand,2020,NZL,211734532308.013,5090200.0,263310.0,19.4306869867134,,64.2010039747146,10.0,41596.50550234038,4.619067287861098,6.706734931937414,0.021903771627561793,0.4156415424112929,136,New Zealand,1,3,5,4,31.1,New-Zealand,25.52416666666667,23
1929,Nicaragua2020,90.46166666666666,9.1075,Nicaragua,2020,NIC,12586941392.6347,6624554.0,120340.0,29.5006577046545,22.8199996948242,64.8218431006827,7.0,1900.0435942758866,3.2789920761165625,6.821156710150673,0.007818484274428284,0.09146907928324532,137,Nicaragua,0,2,4,3,0.0,Nicaragua,12.018333333333333,87
1943,Niger2020,92.63583333333334,4.4575000000000005,Niger,2020,NER,13741378450.136,24206636.0,1266700.0,49.6719578310814,13.3325395584106,47.7319491293382,,567.6698922616096,2.754860235512976,7.38393445760394,0.022151384433878884,0.04590943422136776,138,Niger,0,1,5,3,0.0,Niger,6.919999999999999,88
1957,Nigeria2020,85.17583333333333,7.249166666666666,Nigeria,2020,NGA,432293776262.398,206139587.0,910770.0,43.4876107179975,5.13143682479858,53.7743252219252,9.0,2097.092472890217,3.321824625697817,8.314161403710056,0.001914582054247673,0.07843296366423225,139,Nigeria,0,1,4,4,0.0,Nigeria,8.785833333333334,82
1971,Northern Mariana Islands2020,69.79333333333334,29.9925,Northern Mariana Islands,2020,MNP,,57557.0,460.0,,,,,,,4.760105694853618,0.0034571186702475323,0.3005687180043928,140,Northern Mariana Islands,1,3,4,4,0.0,,29.776666666666667,88
1985,Norway2020,44.267500000000005,55.520833333333336,Norway,2020,NOR,362198318435.26,5379475.0,364285.0,17.2571003576487,,65.2163222406087,10.0,67329.67779109672,4.828212986359399,6.730739974292475,0.028456391285422065,0.5563860170694637,141,Norway,0,1,2,1,0.0,Norway,27.5625,27
1999,Oman2020,85.33666666666666,14.378333333333332,Oman,2020,OMN,73971391417.4252,5106622.0,309500.0,22.4868827284395,12.2049798965454,75.0021051081477,10.0,14485.386115797332,4.160960056574029,6.70813379694635,0.025554726517969372,0.14419428705142992,142,Oman,0,1,4,3,0.0,Oman,17.850833333333334,91
2013,Pakistan2020,94.62583333333332,4.53,Pakistan,2020,PAK,300306331697.668,220892331.0,770880.0,34.8195636842817,,60.8317866522669,12.0,1359.5145215687367,3.133703181620013,8.34418064014537,0.0015129819289931385,0.04568566313967073,143,Pakistan,0,2,4,1,0.0,Pakistan,3.939166666666667,102
2027,Palau2020,78.77916666666667,20.883333333333333,Palau,2020,PLW,257700000.0,18092.0,460.0,,,,12.0,14243.864691576387,4.153658328339917,4.257510583190615,0.010904156556049864,0.20954053263096284,144,Palau,1,2,2,4,11.2,Palau,10.539166666666667,70
2041,Panama2020,83.9525,15.750833333333333,Panama,2020,PAN,53977037000.0,4314768.0,74180.0,26.4947794400022,10.2431802749634,64.9664280829069,11.0,12509.835291260155,4.097286306517945,6.634957549828576,0.007402986204199574,0.15797699842867172,145,Panama,0,1,3,2,0.0,Panama,28.034166666666668,88
2055,Papua New Guinea2020,94.54416666666668,4.6425,Papua New Guinea,2020,PNG,24667052023.1214,8947027.0,452860.0,35.1460105617242,,61.282410777036,,2757.0110186457914,3.4405959969114432,6.9516787964833995,0.021443884851472226,0.04680568624815163,146,Papua New Guinea,1,2,1,5,0.0,Papua-New-Guinea,6.434166666666666,102
2069,Paraguay2020,94.15666666666668,5.664166666666667,Paraguay,2020,PRY,35432178068.1756,7132530.0,397300.0,28.8935018642733,9.84366989135742,64.2955144438067,13.0,4967.687211715282,3.696241657944621,6.853243667900047,0.02354156429013019,0.05674333180281336,147,Paraguay,0,2,1,2,0.0,Paraguay,9.786666666666667,103
2083,Peru2020,90.90416666666664,8.306666666666667,Peru,2020,PER,201705055938.653,32971846.0,1280000.0,24.6921389376527,15.9270896911621,66.5825979940346,14.0,6117.493571292703,3.7866445080593705,7.518143275909931,0.016540719980969832,0.08372741552081847,148,Peru,0,1,3,2,5.1,Peru,9.043333333333333,86
2097,Philippines2020,83.91666666666667,15.764166666666666,Philippines,2020,PHL,361751116292.541,109581085.0,298170.0,30.0426785361611,14.2337398529053,64.4456728195355,13.0,3301.2186025767223,3.5188058196082856,8.039735600182194,0.0011801099492325393,0.15814641731526455,149,Philippines,1,2,6,2,0.0,Philippines,11.726666666666667,88
2111,Poland2020,94.10333333333334,5.28,Poland,2020,POL,596624355719.671,37899070.0,306130.0,15.2177060186446,,66.0428433076874,10.0,15742.45372563683,4.197100011977923,7.578628564466264,0.0034939245018411748,0.053127620325339596,150,Poland,0,1,1,1,11.8,Poland,5.114166666666667,103
2125,Portugal2020,76.93833333333333,22.8125,Portugal,2020,PRT,228539245045.341,10297081.0,91605.6,13.0539569188451,,64.1737741069202,12.0,22194.566114935,4.346266226516462,7.0127141712253955,0.0038465158684132736,0.22869483128795917,151,Portugal,0,2,1,1,6.8,Portugal,17.639166666666668,90
2139,Puerto Rico2020,59.7925,39.96333333333333,Puerto Rico,2020,PRI,103138300000.0,3281538.0,8870.0,15.7522948575128,19.4391803741455,63.4203505038532,13.0,31429.866117655805,4.497356348721554,6.5160775700691405,0.0011723146823084116,0.40061149306222693,152,Puerto Rico,1,2,2,2,0.0,,32.093333333333334,24
2153,Qatar2020,79.02333333333333,20.804166666666667,Qatar,2020,QAT,144411363345.27,2881060.0,11490.0,13.6392145510687,9.31916046142578,84.6716460960628,9.0,50124.385936172795,4.700057729454771,6.459552453588619,0.0017285719626714247,0.20840115866536446,153,Qatar,0,1,2,3,0.0,Qatar,18.05,71
2167,Romania2020,81.33,18.155,Romania,2020,ROU,249511333647.502,19257520.0,230080.0,15.5205944414015,,65.2484905802885,10.0,12956.566247756826,4.112523437921499,7.284600380124265,0.005157999198623438,0.18248982258631954,154,Romania,1,1,2,1,0.0,Romania,6.141666666666667,67
2181,Russian Federation2020,74.99583333333334,24.5275,Russian Federation,2020,RUS,1488321875489.74,144073139.0,16376870.0,18.3622618213373,,66.128809931132,11.0,10330.321708960197,4.014155885332717,8.15858302150031,0.04675672730616624,0.24644974377867834,155,Russian Federation,0,1,1,3,27.0,Russia,11.814166666666667,86
2195,Rwanda2020,83.91666666666667,8.855833333333333,Rwanda,2020,RWA,10184345442.1708,12952209.0,24670.0,39.4742352236505,10.7835245132446,57.4064611945228,6.0,786.3018147847058,2.8961412525217543,7.112343877213959,0.0008264114882469756,0.09545752602692967,156,Rwanda,1,3,2,3,0.0,Rwanda,11.840833333333334,95
2209,Saint Kitts and Nevis2020,77.03833333333334,22.70083333333333,Saint Kitts and Nevis,2020,KNA,,,,,,,,,,,,0.22760199520415744,157,Saint Kitts and Nevis,1,1,2,2,0.0,Saint-Kitts-and-Nevis,18.724999999999998,91
2223,Saint Lucia2020,85.02666666666667,14.766666666666666,Saint Lucia,2020,LCA,,,,,,,,,,,,0.14797247645133274,158,Saint Lucia,1,1,2,4,5.9,Saint-Lucia,15.729166666666666,91
2237,Saint Vincent and the Grenadines2020,85.47416666666668,14.035000000000002,Saint Vincent and the Grenadines,2020,VCT,,,,,,,,,,,,0.14104228253678472,159,Saint Vincent and the Grenadines,1,1,2,6,7.5,Saint-Vincent-and-the-Grenadines,14.933333333333332,91
2251,Samoa2020,92.42166666666668,7.4775,Samoa,2020,WSM,807147527.615094,198410.0,2780.0,37.1984839779451,16.2149906158447,57.717701371879,8.0,4068.0788650526383,3.609496107234769,5.297565745977798,0.006042833525284992,0.07485047422818007,160,Samoa,1,2,1,5,0.0,Samoa-island-nation-Pacific-Ocean,5.421666666666667,91
2265,San Marino2020,67.615,32.07,San Marino,2020,SMR,1544713784.67671,33938.0,60.0,,,,10.0,45515.75769570128,4.658171318303169,4.530699041844945,0.0007671242254273052,0.32171339720118375,161,San Marino,0,1,2,1,5.1,San-Marino-republic-Europe,34.200833333333335,103
2279,Sao Tome and Principe2020,82.00750000000001,17.149166666666666,Sao Tome and Principe,2020,STP,472914469.91933,219161.0,960.0,41.7578105393801,16.125940322876,55.23387129892,6.0,2157.8404456966796,3.33422054594049,5.340765255008705,0.0018982037340784497,0.17295021346690423,162,Sao Tome and Principe,1,1,3,1,21.2,Sao-Tome-and-Principe,4.6499999999999995,71
2293,Saudi Arabia2020,61.4875,38.3925,Saudi Arabia,2020,SAU,703367841222.555,34813867.0,2149690.0,24.6962309936749,19.0594520568848,71.8053100156544,9.0,20203.668877765147,4.305451737444453,7.541752278318258,0.026021490837208398,0.38438626351621946,163,Saudi Arabia,0,1,2,2,0.0,Saudi-Arabia,19.591666666666665,27
2307,Senegal2020,86.66000000000001,12.815833333333332,Senegal,2020,SEN,24493157583.2282,16743930.0,192530.0,42.5915617047303,22.062780380249,54.3002904874107,11.0,1462.8081688843777,3.1654841664398097,7.22385742565188,0.004965241042573211,0.1288336363103266,164,Senegal,0,1,3,1,0.0,Senegal,17.608333333333334,86
2321,Serbia2020,89.34666666666668,10.209166666666668,Serbia,2020,SRB,53335016425.4148,6899126.0,87460.0,15.3671052768619,,65.5743930296653,8.0,7730.691746376976,3.888274530882104,6.838794139567778,0.005470932666607385,0.10254714691086242,165,Serbia,0,1,1,2,6.3,Serbia,4.598333333333334,83
2335,Seychelles2020,87.22250000000001,12.354166666666666,Seychelles,2020,SYC,1200634489.34841,98462.0,460.0,23.766866299938,9.16800975799561,68.1667971570053,10.0,12193.886873600068,4.086177775916734,4.993273063851902,0.002024235230280275,0.12406688313862013,166,Seychelles,1,3,1,2,10.1,Seychelles,9.858333333333333,87
2349,Sierra Leone2020,80.92833333333333,6.165,Sierra Leone,2020,SLE,4063289449.58795,7976985.0,72180.0,40.3436236481888,34.2441902160645,56.7290415436513,9.0,509.37659398732103,2.7078907493039495,6.901838829843873,0.003912054693987764,0.07078612982241274,167,Sierra Leone,0,1,4,2,0.0,Sierra-Leone,7.920833333333333,86
2363,Singapore2020,64.59333333333333,34.49583333333333,Singapore,2020,SGP,345295933898.674,5685807.0,718.0,12.3011782900897,11.9119930267334,74.3472774754023,6.0,60729.45034867944,4.783406501659715,6.754792190221045,5.4838961511321225e-05,0.3481292102231155,168,Singapore,1,4,3,4,18.5,Singapore,26.769166666666667,98
2377,Slovakia2020,79.50833333333334,19.644166666666667,Slovakia,2020,SVK,,,,,,,,,,,,0.19812073993763815,169,Slovakia,0,1,2,2,13.4,Slovakia,10.965833333333334,64
2391,Slovenia2020,82.47333333333333,17.216666666666665,Slovenia,2020,SVN,53589609580.7099,2102419.0,20136.4,15.1364302350527,,64.125818085965,9.0,25489.500228408277,4.4063783581960525,6.322719479276341,0.004139761709282193,0.17270204299996655,170,Slovenia,0,1,1,1,10.2,Slovenia,10.054166666666667,71
2405,Solomon Islands2020,91.66833333333334,7.6825,Solomon Islands,2020,SLB,1545888426.23031,686878.0,27990.0,40.0300487418545,31.8899993896484,56.2990257452496,,2250.6011638607,3.3524914644765946,5.836880238863645,0.017346250365355996,0.0773269809848936,171,Solomon Islands,1,1,1,5,6.3,Solomon-Islands,7.4025,88
2419,Somalia2020,93.26666666666668,6.054166666666667,Somalia,2020,SOM,6965285324.52156,15893219.0,627340.0,46.1499059158678,4.41238021850586,50.9479575632933,,438.2551655848673,2.6427168774452214,7.201211895102905,0.016812870516434715,0.06095565717162394,172,Somalia,0,2,1,1,0.0,Somalia,6.370833333333334,91
2433,South Africa2020,84.30083333333333,15.070833333333333,South Africa,2020,ZAF,335442101366.417,59308690.0,1213090.0,28.8011250965078,19.5272808074951,65.6894360674633,9.0,5655.867653903955,3.7525760182575443,7.773118338841119,0.00879336101191664,0.1516612716569109,173,South Africa,0,11,3,2,6.7,South-Africa,15.285833333333334,91
2447,Spain2020,79.66250000000001,20.05666666666667,Spain,2020,ESP,1281484640043.58,47363419.0,499556.645,14.3994673656669,,65.6229209344123,10.0,27056.421751216483,4.432286411161608,7.675443054219557,0.004556650189061138,0.20113151099337304,174,Spain,0,1,1,1,27.5,Spain,19.721666666666668,71
2461,Sri Lanka2020,89.425,9.978333333333332,Sri Lanka,2020,LKA,80969683537.4541,21919000.0,61860.0,23.6848504400243,,65.0822908751493,11.0,3694.0409479198,3.5676192555473745,7.340820756469527,0.0012239435128941093,0.10038228094295965,175,Sri Lanka,1,2,3,4,0.0,Sri-Lanka,6.804166666666667,80
2475,Sudan2020,92.0,5.796666666666667,Sudan,2020,SDN,26987563444.1489,43849269.0,1868000.0,39.7993671957064,,56.5265115078339,8.0,615.4621059737369,2.789906385599544,7.641962367653924,0.018117921417695516,0.05927264051262825,176,Sudan,0,2,1,4,0.0,Sudan,9.313333333333334,89
2489,Suriname2020,83.09166666666667,16.63,Suriname,2020,SUR,2884248048.49068,586634.0,156000.0,26.6654393214144,13.9423503875732,66.1995936123498,6.0,4916.605666379174,3.6917537005349153,5.768367970430102,0.10240759852748654,0.1667641602460181,177,Suriname,0,1,5,4,7.9,Suriname,7.738333333333333,71
2503,Swaziland2020,91.3475,5.4925,Swaziland,2020,SWZ,,,,,,,,,,,,0.05671726559273027,178,Swaziland,0,2,2,3,0.0,Eswatini,6.378333333333334,90
2517,Sweden2020,49.45333333333334,50.32333333333333,Sweden,2020,SWE,541487151474.557,10353442.0,407283.532,17.6235795377188,,62.0476143560942,10.0,52300.20619949936,4.7185117049236025,7.015084796870167,0.016756799299387615,0.504359736745398,179,Sweden,0,1,1,1,30.0,Sweden,24.916666666666668,3
2531,Switzerland2020,49.22916666666666,50.3775,Switzerland,2020,CHE,752248045730.11,8636561.0,39516.03,14.9586313532815,,65.94382747161,11.0,87100.41482137507,4.940025209475237,6.93634089507459,0.001982554426291082,0.5057643397362961,180,Switzerland,0,4,1,4,29.5,Switzerland,32.73083333333333,3
2545,Syrian Arab Republic2020,96.01,3.544166666666667,Syrian Arab Republic,2020,SYR,,17500657.0,183630.0,30.7746543015697,,64.3509232624282,9.0,,,7.243054377851828,0.004533201462147475,0.03560038505001465,181,Syrian Arab Republic,0,1,3,3,0.0,Syria,3.1633333333333336,99
2559,Taiwan Province of China2020,52.9175,46.4025,Taiwan Province of China,2020,TWN,,,,,,,,,,,,0.46720197341925096,182,Taiwan Province of China,1,1,2,2,18.2,Taiwan,14.299166666666666,26
2573,Tajikistan2020,89.5575,9.405,Tajikistan,2020,TJK,8133996647.90397,9537642.0,138790.0,37.2700598523011,17.7720508575439,59.5501824611841,9.0,852.8309877749626,2.931371912444339,6.979441062485384,0.006274232055913394,0.09503599848427434,183,Tajikistan,0,1,2,1,0.0,Tajikistan,4.284166666666667,80
2587,Tanzania United Republic of2020,86.01916666666666,8.001666666666667,Tanzania United Republic of,2020,TZA,,,,,,,,,,,,0.08510525149567916,184,Tanzania United Republic of,0,2,2,2,0.0,Tanzania,13.1425,82
2601,Thailand2020,73.84083333333334,25.955,Thailand,2020,THA,499681757030.968,69799978.0,510890.0,16.5524951884655,12.0649223327637,70.4897672030785,9.0,7158.766683722565,3.8548988701258997,7.843855291961478,0.0031671736705233483,0.2600809987056908,185,Thailand,0,1,1,1,0.0,Thailand,15.758333333333333,80
2615,Timor-Leste2020,94.9725,4.9025,Timor-Leste,2020,TLS,1902156800.0,1318442.0,14870.0,36.8319497589964,,58.8849743447774,9.0,1442.7307382501467,3.1594862030700024,6.120061358763074,0.0048707584775624976,0.049086357947434295,186,Timor-Leste,1,2,1,1,0.0,East-Timor,9.644166666666665,102
2629,Togo2020,89.52749999999999,6.725833333333334,Togo,2020,TGO,7574636978.66175,8278737.0,54390.0,40.6363347781615,,56.4586402445594,10.0,914.9507924532147,2.9618721427289083,6.917964138547162,0.002843914599739014,0.06987636791799419,187,Togo,0,1,7,5,0.0,Togo,5.516666666666667,95
2643,Tonga2020,86.68333333333334,13.1975,Tonga,2020,TON,488829964.070819,105697.0,720.0,34.7651260702966,15.5281400680542,59.3150101707744,15.0,4624.823448828434,3.6651890532805202,5.02406676973712,0.0029483506785993314,0.13213245784559932,188,Tonga,1,2,1,5,9.0,Tonga,7.8175,87
2657,Trinidad and Tobago2020,81.11,18.396666666666665,Trinidad and Tobago,2020,TTO,21392536137.7724,1399491.0,5130.0,20.0621941738693,11.7679004669189,68.4231661864911,7.0,15285.940486771548,4.184320574838815,6.1459704202257,0.0015890472119014694,0.18487873509312608,189,Trinidad and Tobago,1,1,4,3,19.5,Trinidad-and-Tobago,18.05333333333333,67
2671,Tunisia2020,93.045,6.45,Tunisia,2020,TUN,42514151614.2796,11818618.0,155360.0,24.2906806624361,,66.8363706453351,9.0,3597.218525404544,3.5560875351894787,7.072566732406572,0.005671760213587872,0.06482737826021408,190,Tunisia,0,1,2,1,0.0,Tunisia,10.5125,91
2685,Turkey2020,84.12666666666667,15.494166666666668,Turkey,2020,TUR,,,,,,,,,,,,0.15553138985319337,191,Turkey,0,1,3,2,0.0,Turkey,7.672499999999999,91
2699,Turkmenistan2020,93.37,6.394166666666667,Turkmenistan,2020,TKM,,6031187.0,469930.0,30.791782729805,27.9983997344971,64.4401943228545,12.0,,,6.780402866207656,0.032585187867810235,0.06409281889790089,192,Turkmenistan,0,1,2,1,9.0,Turkmenistan,2.35,91
2713,Turks and Caicos Islands2020,56.9,42.9375,Turks and Caicos Islands,2020,TCA,924583000.0,38718.0,950.0,,11.6221303939819,,13.0,23879.926649103774,4.378051174667735,4.587924132208408,0.010527389070603903,0.43007387003881303,193,Turks and Caicos Islands,1,1,1,1,0.0,,23.6775,18
2727,Tuvalu2020,97.625,2.2666666666666666,Tuvalu,2020,TUV,55054710.6186773,11792.0,30.0,,,,8.0,4668.81874310357,3.6693000239499183,4.071624298539752,0.0011034844978923925,0.022691248852924,194,Tuvalu,1,2,1,1,0.0,Tuvalu,9.786666666666667,99
2741,Uganda2020,79.355,6.684166666666667,Uganda,2020,UGA,37600368180.9399,45741000.0,200520.0,46.0158824225273,11.25,51.9984179622456,7.0,822.0276815316653,2.9154144424228154,7.660305664512521,0.0018997049463110015,0.07768748728776623,195,Uganda,0,2,6,4,0.0,Uganda,10.724166666666667,85
2755,Ukraine2020,80.68916666666667,18.8425,Ukraine,2020,UKR,156617861448.576,44132049.0,579400.0,15.9905178063575,13.0863676071167,67.0603388750321,11.0,3548.8463598999447,3.5502095568602807,7.6447541015466625,0.0056646529218868985,0.1893116093705521,196,Ukraine,0,1,2,2,42.5,Ukraine,11.985833333333334,66
2769,United Arab Emirates2020,73.1125,26.646666666666665,United Arab Emirates,2020,ARE,358868765174.924,9890400.0,71020.0,14.8140793468253,11.7062301635742,83.9215129981572,12.0,36284.55524295519,4.559733773059192,6.995213900146902,0.003107395260502946,0.2671099564785191,197,United Arab Emirates,0,1,6,3,0.0,United-Arab-Emirates,24.397499999999997,83
2783,United Kingdom2020,50.09916666666667,49.65166666666667,United Kingdom,2020,GBR,2756900214107.32,67081000.0,241930.0,17.6772752194852,,63.6693780696586,11.0,41098.07865278275,4.613832086097544,7.826599534636684,0.0015634807328058315,0.4977569109698332,198,United Kingdom,1,1,1,1,25.7,United-Kingdom,28.662499999999998,7
2797,United States2020,40.29583333333333,59.51166666666666,United States,2020,USA,20893743833000.0,331501080.0,9147420.0,18.3717474214429,,64.9973268643096,12.0,63027.67952671527,4.7995382085968465,8.520484948944622,0.011821533287563584,0.596264475782548,199,United States,0,1,4,2,16.0,United-States,27.535,19
2811,Uruguay2020,85.29916666666666,14.510833333333332,Uruguay,2020,URY,53560755046.5726,3473727.0,175020.0,20.3350289170431,16.3634796142578,64.5772987537892,14.0,15418.815308909596,4.1880791719768204,6.540795809297093,0.021348066644787434,0.1453845640049427,200,Uruguay,0,1,3,4,0.0,Uruguay,12.278333333333334,91
2825,Uzbekistan2020,90.5325,8.766666666666667,Uzbekistan,2020,UZB,59894305352.8955,34232050.0,440650.0,28.8000464187928,20.5356502532959,66.4110973900394,12.0,1749.6558153220592,3.2432007707554584,7.534432920502112,0.0055547541307776555,0.08828540017959198,201,Uzbekistan,0,1,1,1,18.1,Uzbekistan,4.4991666666666665,86
2839,Vanuatu2020,85.295,13.698333333333332,Vanuatu,2020,VUT,896827873.114925,307150.0,12190.0,38.4101971381595,5.05280017852783,57.9810838529033,,2919.8367999834772,3.4655072917059404,5.487351933602432,0.01690280129930444,0.1383763216378207,202,Vanuatu,1,3,1,4,23.7,Vanuatu,16.0775,88
2853,Venezuela Bolivarian Republic of2020,90.11666666666667,8.653333333333334,Venezuela Bolivarian Republic of,2020,VEN,,,,,,,,,,,,0.08761094799365529,203,Venezuela Bolivarian Republic of,0,1,3,1,11.5,Venezuela,7.190833333333334,86
2867,Viet Nam2020,62.69,36.23916666666667,Viet Nam,2020,VNM,,,,,,,,,,,,0.36631428210419914,204,Viet Nam,0,1,1,1,86.3,Vietnam,11.637500000000001,102
2881,Virgin Islands British2020,67.90666666666667,31.865,Virgin Islands British,2020,VGB,,,,,,,,,,,,0.3193792492858694,205,Virgin Islands British,1,1,4,1,0.0,,26.425,88
2895,Virgin Islands U.S2020,49.340833333333336,50.36666666666667,Virgin Islands U.S,2020,VIR,,,,,,,,,,,,0.5051442134911281,206,Virgin Islands U.S,1,1,4,1,0.0,,26.480833333333333,3
2909,Yemen2020,96.21,2.76,Yemen,2020,YEM,,,,,,,,,,,,0.027887238557138525,207,Yemen,0,1,1,2,0.0,Yemen,1.8416666666666668,98
2923,Zambia2020,88.29083333333334,6.376666666666666,Zambia,2020,ZMB,18110631358.3114,18383956.0,743390.0,44.0173890765072,12.3780202865601,53.8505887334907,7.0,985.1324360388701,2.993935243925535,7.2644389955323865,0.017215742106103053,0.06735856198448957,208,Zambia,0,1,5,2,0.0,Zambia,8.035,94
2937,Zimbabwe2020,84.95666666666666,10.784166666666666,Zimbabwe,2020,ZWE,18051170798.941,14862927.0,386850.0,41.9111003998944,,55.0747215016372,7.0,1214.5098202353413,3.084758471905633,7.172104373958921,0.011159148230583447,0.11263915605497479,209,Zimbabwe,0,1,1,4,10.5,Zimbabwe,11.639166666666666,94
